seqName,Accession.ID,Virus.name,Location,Collection.date,location,continent,country,state,host,hasYearOnly,hasMonthOnly,hasFullDate,decDate
EPI_ISL_413550|Human|Nigeria|hCoV-19/Nigeria/Lagos01/2020|2020-02-27|2020.156,EPI_ISL_413550,hCoV-19/Nigeria/Lagos01/2020,Africa / Nigeria / Lagos,27/02/2020,Africa/Nigeria/Lagos,Africa,Nigeria,Lagos,Human,FALSE,FALSE,TRUE,2020.155738
EPI_ISL_414647|Human|Democratic Republic of the Congo|hCoV-19/DRC/KN-13/2020|2020-03-09|2020.186,EPI_ISL_414647,hCoV-19/DRC/KN-13/2020,Africa / Democratic Republic of the Congo / Kinshasa,09/03/2020,Africa/Democratic Republic of the Congo/Kinshasa,Africa,Democratic Republic of the Congo,Kinshasa,Human,FALSE,FALSE,TRUE,2020.185792
EPI_ISL_417186|Human|South Africa|hCoV-19/South Africa/R03006/2020|2020-03-07|2020.180,EPI_ISL_417186,hCoV-19/South Africa/R03006/2020,Africa / South Africa / KZN,07/03/2020,Africa/South Africa/KZN,Africa,South Africa,KZN,Human,FALSE,FALSE,TRUE,2020.180328
EPI_ISL_417433|Human|Democratic Republic of the Congo|hCoV-19/DRC/KN-0017/2020|2020-03-11|2020.191,EPI_ISL_417433,hCoV-19/DRC/KN-0017/2020,Africa / Democratic Republic of the Congo / Kinshasa,11/03/2020,Africa/Democratic Republic of the Congo/Kinshasa,Africa,Democratic Republic of the Congo,Kinshasa,Human,FALSE,FALSE,TRUE,2020.191257
EPI_ISL_417434|Human|Democratic Republic of the Congo|hCoV-19/DRC/KN-0038/2020|2020-03-14|2020.199,EPI_ISL_417434,hCoV-19/DRC/KN-0038/2020,Africa / Democratic Republic of the Congo / Kinshasa,14/03/2020,Africa/Democratic Republic of the Congo/Kinshasa,Africa,Democratic Republic of the Congo,Kinshasa,Human,FALSE,FALSE,TRUE,2020.199454
EPI_ISL_417435|Human|Democratic Republic of the Congo|hCoV-19/DRC/KN-0043/2020|2020-03-15|2020.202,EPI_ISL_417435,hCoV-19/DRC/KN-0043/2020,Africa / Democratic Republic of the Congo / Kinshasa,15/03/2020,Africa/Democratic Republic of the Congo/Kinshasa,Africa,Democratic Republic of the Congo,Kinshasa,Human,FALSE,FALSE,TRUE,2020.202186
EPI_ISL_417436|Human|Democratic Republic of the Congo|hCoV-19/DRC/KN-0051/2020|2020-03-17|2020.208,EPI_ISL_417436,hCoV-19/DRC/KN-0051/2020,Africa / Democratic Republic of the Congo / Kinshasa,17/03/2020,Africa/Democratic Republic of the Congo/Kinshasa,Africa,Democratic Republic of the Congo,Kinshasa,Human,FALSE,FALSE,TRUE,2020.20765
EPI_ISL_417437|Human|Democratic Republic of the Congo|hCoV-19/DRC/KN-0054/2020|2020-03-17|2020.208,EPI_ISL_417437,hCoV-19/DRC/KN-0054/2020,Africa / Democratic Republic of the Congo / Kinshasa,17/03/2020,Africa/Democratic Republic of the Congo/Kinshasa,Africa,Democratic Republic of the Congo,Kinshasa,Human,FALSE,FALSE,TRUE,2020.20765
EPI_ISL_417438|Human|Democratic Republic of the Congo|hCoV-19/DRC/KN-0058/2020|2020-03-17|2020.208,EPI_ISL_417438,hCoV-19/DRC/KN-0058/2020,Africa / Democratic Republic of the Congo / Kinshasa,17/03/2020,Africa/Democratic Republic of the Congo/Kinshasa,Africa,Democratic Republic of the Congo,Kinshasa,Human,FALSE,FALSE,TRUE,2020.20765
EPI_ISL_417439|Human|Democratic Republic of the Congo|hCoV-19/DRC/KN-0059/2020|2020-03-17|2020.208,EPI_ISL_417439,hCoV-19/DRC/KN-0059/2020,Africa / Democratic Republic of the Congo / Kinshasa,17/03/2020,Africa/Democratic Republic of the Congo/Kinshasa,Africa,Democratic Republic of the Congo,Kinshasa,Human,FALSE,FALSE,TRUE,2020.20765
EPI_ISL_417440|Human|Democratic Republic of the Congo|hCoV-19/DRC/KN-0060/2020|2020-03-17|2020.208,EPI_ISL_417440,hCoV-19/DRC/KN-0060/2020,Africa / Democratic Republic of the Congo / Kinshasa,17/03/2020,Africa/Democratic Republic of the Congo/Kinshasa,Africa,Democratic Republic of the Congo,Kinshasa,Human,FALSE,FALSE,TRUE,2020.20765
EPI_ISL_417441|Human|Democratic Republic of the Congo|hCoV-19/DRC/KN-0070/2020|2020-03-17|2020.208,EPI_ISL_417441,hCoV-19/DRC/KN-0070/2020,Africa / Democratic Republic of the Congo / Kinshasa,17/03/2020,Africa/Democratic Republic of the Congo/Kinshasa,Africa,Democratic Republic of the Congo,Kinshasa,Human,FALSE,FALSE,TRUE,2020.20765
EPI_ISL_417442|Human|Democratic Republic of the Congo|hCoV-19/DRC/KN-0072/2020|2020-03-18|2020.210,EPI_ISL_417442,hCoV-19/DRC/KN-0072/2020,Africa / Democratic Republic of the Congo / Kinshasa,18/03/2020,Africa/Democratic Republic of the Congo/Kinshasa,Africa,Democratic Republic of the Congo,Kinshasa,Human,FALSE,FALSE,TRUE,2020.210383
EPI_ISL_417941|Human|Democratic Republic of the Congo|hCoV-19/DRC/73/2020|2020-03-18|2020.210,EPI_ISL_417941,hCoV-19/DRC/73/2020,Africa / Democratic Republic of the Congo / Kinshasa,18/03/2020,Africa/Democratic Republic of the Congo/Kinshasa,Africa,Democratic Republic of the Congo,Kinshasa,Human,FALSE,FALSE,TRUE,2020.210383
EPI_ISL_417942|Human|Democratic Republic of the Congo|hCoV-19/DRC/80/2020|2020-03-18|2020.210,EPI_ISL_417942,hCoV-19/DRC/80/2020,Africa / Democratic Republic of the Congo / Kinshasa,18/03/2020,Africa/Democratic Republic of the Congo/Kinshasa,Africa,Democratic Republic of the Congo,Kinshasa,Human,FALSE,FALSE,TRUE,2020.210383
EPI_ISL_417944|Human|Democratic Republic of the Congo|hCoV-19/DRC/81/2020|2020-03-18|2020.210,EPI_ISL_417944,hCoV-19/DRC/81/2020,Africa / Democratic Republic of the Congo / Kinshasa,18/03/2020,Africa/Democratic Republic of the Congo/Kinshasa,Africa,Democratic Republic of the Congo,Kinshasa,Human,FALSE,FALSE,TRUE,2020.210383
EPI_ISL_417946|Human|Democratic Republic of the Congo|hCoV-19/DRC/82/2020|2020-03-18|2020.210,EPI_ISL_417946,hCoV-19/DRC/82/2020,Africa / Democratic Republic of the Congo / Kinshasa,18/03/2020,Africa/Democratic Republic of the Congo/Kinshasa,Africa,Democratic Republic of the Congo,Kinshasa,Human,FALSE,FALSE,TRUE,2020.210383
EPI_ISL_417947|Human|Democratic Republic of the Congo|hCoV-19/DRC/94/2020|2020-03-19|2020.213,EPI_ISL_417947,hCoV-19/DRC/94/2020,Africa / Democratic Republic of the Congo / Kinshasa,19/03/2020,Africa/Democratic Republic of the Congo/Kinshasa,Africa,Democratic Republic of the Congo,Kinshasa,Human,FALSE,FALSE,TRUE,2020.213115
EPI_ISL_417948|Human|Democratic Republic of the Congo|hCoV-19/DRC/108/2020|2020-03-19|2020.213,EPI_ISL_417948,hCoV-19/DRC/108/2020,Africa / Democratic Republic of the Congo / Kinshasa,19/03/2020,Africa/Democratic Republic of the Congo/Kinshasa,Africa,Democratic Republic of the Congo,Kinshasa,Human,FALSE,FALSE,TRUE,2020.213115
EPI_ISL_417950|Human|Democratic Republic of the Congo|hCoV-19/DRC/158/2020|2020-03-20|2020.216,EPI_ISL_417950,hCoV-19/DRC/158/2020,Africa / Democratic Republic of the Congo / Kinshasa,20/03/2020,Africa/Democratic Republic of the Congo/Kinshasa,Africa,Democratic Republic of the Congo,Kinshasa,Human,FALSE,FALSE,TRUE,2020.215847
EPI_ISL_417955|Human|Democratic Republic of the Congo|hCoV-19/DRC/191/2020|2020-03-21|2020.219,EPI_ISL_417955,hCoV-19/DRC/191/2020,Africa / Democratic Republic of the Congo / Kinshasa,21/03/2020,Africa/Democratic Republic of the Congo/Kinshasa,Africa,Democratic Republic of the Congo,Kinshasa,Human,FALSE,FALSE,TRUE,2020.218579
EPI_ISL_418206|Human|Senegal|hCoV-19/Senegal/003/2020|2020-02-28|2020.158,EPI_ISL_418206,hCoV-19/Senegal/003/2020,Africa / Senegal / Dakar,28/02/2020,Africa/Senegal/Dakar,Africa,Senegal,Dakar,Human,FALSE,FALSE,TRUE,2020.15847
EPI_ISL_418207|Human|Senegal|hCoV-19/Senegal/016/2020|2020-03-02|2020.167,EPI_ISL_418207,hCoV-19/Senegal/016/2020,Africa / Senegal / Dakar,02/03/2020,Africa/Senegal/Dakar,Africa,Senegal,Dakar,Human,FALSE,FALSE,TRUE,2020.166667
EPI_ISL_418208|Human|Senegal|hCoV-19/Senegal/020/2020|2020-03-04|2020.172,EPI_ISL_418208,hCoV-19/Senegal/020/2020,Africa / Senegal / Dakar,04/03/2020,Africa/Senegal/Dakar,Africa,Senegal,Dakar,Human,FALSE,FALSE,TRUE,2020.172131
EPI_ISL_418209|Human|Senegal|hCoV-19/Senegal/026/2020|2020-03-03|2020.169,EPI_ISL_418209,hCoV-19/Senegal/026/2020,Africa / Senegal / Dakar,03/03/2020,Africa/Senegal/Dakar,Africa,Senegal,Dakar,Human,FALSE,FALSE,TRUE,2020.169399
EPI_ISL_418210|Human|Senegal|hCoV-19/Senegal/073/2020|2020-03-10|2020.189,EPI_ISL_418210,hCoV-19/Senegal/073/2020,Africa / Senegal / Touba,10/03/2020,Africa/Senegal/Touba,Africa,Senegal,Touba,Human,FALSE,FALSE,TRUE,2020.188525
EPI_ISL_418211|Human|Senegal|hCoV-19/Senegal/082/2020|2020-03-11|2020.191,EPI_ISL_418211,hCoV-19/Senegal/082/2020,Africa / Senegal / Touba,11/03/2020,Africa/Senegal/Touba,Africa,Senegal,Touba,Human,FALSE,FALSE,TRUE,2020.191257
EPI_ISL_418212|Human|Senegal|hCoV-19/Senegal/087/2020|2020-03-11|2020.191,EPI_ISL_418212,hCoV-19/Senegal/087/2020,Africa / Senegal / Touba,11/03/2020,Africa/Senegal/Touba,Africa,Senegal,Touba,Human,FALSE,FALSE,TRUE,2020.191257
EPI_ISL_418213|Human|Senegal|hCoV-19/Senegal/094/2020|2020-03-12|2020.194,EPI_ISL_418213,hCoV-19/Senegal/094/2020,Africa / Senegal / Touba,12/03/2020,Africa/Senegal/Touba,Africa,Senegal,Touba,Human,FALSE,FALSE,TRUE,2020.193989
EPI_ISL_418214|Human|Senegal|hCoV-19/Senegal/102/2020|2020-03-12|2020.194,EPI_ISL_418214,hCoV-19/Senegal/102/2020,Africa / Senegal / Touba,12/03/2020,Africa/Senegal/Touba,Africa,Senegal,Touba,Human,FALSE,FALSE,TRUE,2020.193989
EPI_ISL_418215|Human|Senegal|hCoV-19/Senegal/119/2020|2020-03-12|2020.194,EPI_ISL_418215,hCoV-19/Senegal/119/2020,Africa / Senegal / Touba,12/03/2020,Africa/Senegal/Touba,Africa,Senegal,Touba,Human,FALSE,FALSE,TRUE,2020.193989
EPI_ISL_418216|Human|Senegal|hCoV-19/Senegal/136/2020|2020-03-13|2020.197,EPI_ISL_418216,hCoV-19/Senegal/136/2020,Africa / Senegal / Dakar,13/03/2020,Africa/Senegal/Dakar,Africa,Senegal,Dakar,Human,FALSE,FALSE,TRUE,2020.196721
EPI_ISL_418217|Human|Senegal|hCoV-19/Senegal/139/2020|2020-03-13|2020.197,EPI_ISL_418217,hCoV-19/Senegal/139/2020,Africa / Senegal / Mbour,13/03/2020,Africa/Senegal/Mbour,Africa,Senegal,Mbour,Human,FALSE,FALSE,TRUE,2020.196721
EPI_ISL_418241|Human|Algeria|hCoV-19/Algeria/G0638_2264/2020|2020-03-02|2020.167,EPI_ISL_418241,hCoV-19/Algeria/G0638_2264/2020,Africa / Algeria / Boufarik,02/03/2020,Africa/Algeria/Boufarik,Africa,Algeria,Boufarik,Human,FALSE,FALSE,TRUE,2020.166667
EPI_ISL_418242|Human|Algeria|hCoV-19/Algeria/G0640_2265/2020|2020-03-08|2020.183,EPI_ISL_418242,hCoV-19/Algeria/G0640_2265/2020,Africa / Algeria / Blida,08/03/2020,Africa/Algeria/Blida,Africa,Algeria,Blida,Human,FALSE,FALSE,TRUE,2020.18306
EPI_ISL_420030|Human|Democratic Republic of the Congo|hCoV-19/DRC/214/2020|2020-03-21|2020.219,EPI_ISL_420030,hCoV-19/DRC/214/2020,Africa / Democratic Republic of the Congo / Kinshasa,21/03/2020,Africa/Democratic Republic of the Congo/Kinshasa,Africa,Democratic Republic of the Congo,Kinshasa,Human,FALSE,FALSE,TRUE,2020.218579
EPI_ISL_420031|Human|Democratic Republic of the Congo|hCoV-19/DRC/215/2020|2020-03-21|2020.219,EPI_ISL_420031,hCoV-19/DRC/215/2020,Africa / Democratic Republic of the Congo / Kinshasa,21/03/2020,Africa/Democratic Republic of the Congo/Kinshasa,Africa,Democratic Republic of the Congo,Kinshasa,Human,FALSE,FALSE,TRUE,2020.218579
EPI_ISL_420032|Human|Democratic Republic of the Congo|hCoV-19/DRC/236/2020|2020-03-22|2020.221,EPI_ISL_420032,hCoV-19/DRC/236/2020,Africa / Democratic Republic of the Congo / Kinshasa,22/03/2020,Africa/Democratic Republic of the Congo/Kinshasa,Africa,Democratic Republic of the Congo,Kinshasa,Human,FALSE,FALSE,TRUE,2020.221311
EPI_ISL_420033|Human|Democratic Republic of the Congo|hCoV-19/DRC/241/2020|2020-03-22|2020.221,EPI_ISL_420033,hCoV-19/DRC/241/2020,Africa / Democratic Republic of the Congo / Kinshasa,22/03/2020,Africa/Democratic Republic of the Congo/Kinshasa,Africa,Democratic Republic of the Congo,Kinshasa,Human,FALSE,FALSE,TRUE,2020.221311
EPI_ISL_420034|Human|Democratic Republic of the Congo|hCoV-19/DRC/243/2020|2020-03-22|2020.221,EPI_ISL_420034,hCoV-19/DRC/243/2020,Africa / Democratic Republic of the Congo / Kinshasa,22/03/2020,Africa/Democratic Republic of the Congo/Kinshasa,Africa,Democratic Republic of the Congo,Kinshasa,Human,FALSE,FALSE,TRUE,2020.221311
EPI_ISL_420035|Human|Democratic Republic of the Congo|hCoV-19/DRC/248/2020|2020-03-22|2020.221,EPI_ISL_420035,hCoV-19/DRC/248/2020,Africa / Democratic Republic of the Congo / Kinshasa,22/03/2020,Africa/Democratic Republic of the Congo/Kinshasa,Africa,Democratic Republic of the Congo,Kinshasa,Human,FALSE,FALSE,TRUE,2020.221311
EPI_ISL_420037|Human|Algeria|hCoV-19/Algeria/G0860_2262/2020|2020-03-02|2020.167,EPI_ISL_420037,hCoV-19/Algeria/G0860_2262/2020,Africa / Algeria / Boufarik,02/03/2020,Africa/Algeria/Boufarik,Africa,Algeria,Boufarik,Human,FALSE,FALSE,TRUE,2020.166667
EPI_ISL_420069|Human|Senegal|hCoV-19/Senegal/306/2020|2020-03-17|2020.208,EPI_ISL_420069,hCoV-19/Senegal/306/2020,Africa / Senegal / Dakar,17/03/2020,Africa/Senegal/Dakar,Africa,Senegal,Dakar,Human,FALSE,FALSE,TRUE,2020.20765
EPI_ISL_420070|Human|Senegal|hCoV-19/Senegal/315/2020|2020-03-17|2020.208,EPI_ISL_420070,hCoV-19/Senegal/315/2020,Africa / Senegal / Dakar,17/03/2020,Africa/Senegal/Dakar,Africa,Senegal,Dakar,Human,FALSE,FALSE,TRUE,2020.20765
EPI_ISL_420071|Human|Senegal|hCoV-19/Senegal/328/2020|2020-03-17|2020.208,EPI_ISL_420071,hCoV-19/Senegal/328/2020,Africa / Senegal / Mbour,17/03/2020,Africa/Senegal/Mbour,Africa,Senegal,Mbour,Human,FALSE,FALSE,TRUE,2020.20765
EPI_ISL_420072|Human|Senegal|hCoV-19/Senegal/370/2020|2020-03-18|2020.210,EPI_ISL_420072,hCoV-19/Senegal/370/2020,Africa / Senegal / Mbour,18/03/2020,Africa/Senegal/Mbour,Africa,Senegal,Mbour,Human,FALSE,FALSE,TRUE,2020.210383
EPI_ISL_420073|Human|Senegal|hCoV-19/Senegal/382/2020|2020-03-19|2020.213,EPI_ISL_420073,hCoV-19/Senegal/382/2020,Africa / Senegal / Dakar,19/03/2020,Africa/Senegal/Dakar,Africa,Senegal,Dakar,Human,FALSE,FALSE,TRUE,2020.213115
EPI_ISL_420074|Human|Senegal|hCoV-19/Senegal/600/2020|2020-03-20|2020.216,EPI_ISL_420074,hCoV-19/Senegal/600/2020,Africa / Senegal / St-Louis,20/03/2020,Africa/Senegal/St-Louis,Africa,Senegal,St-Louis,Human,FALSE,FALSE,TRUE,2020.215847
EPI_ISL_420075|Human|Senegal|hCoV-19/Senegal/610/2020|2020-03-20|2020.216,EPI_ISL_420075,hCoV-19/Senegal/610/2020,Africa / Senegal / Dakar,20/03/2020,Africa/Senegal/Dakar,Africa,Senegal,Dakar,Human,FALSE,FALSE,TRUE,2020.215847
EPI_ISL_420076|Human|Senegal|hCoV-19/Senegal/611/2020|2020-03-20|2020.216,EPI_ISL_420076,hCoV-19/Senegal/611/2020,Africa / Senegal / Dakar,20/03/2020,Africa/Senegal/Dakar,Africa,Senegal,Dakar,Human,FALSE,FALSE,TRUE,2020.215847
EPI_ISL_420077|Human|Senegal|hCoV-19/Senegal/618/2020|2020-03-20|2020.216,EPI_ISL_420077,hCoV-19/Senegal/618/2020,Africa / Senegal / Dakar,20/03/2020,Africa/Senegal/Dakar,Africa,Senegal,Dakar,Human,FALSE,FALSE,TRUE,2020.215847
EPI_ISL_420078|Human|Senegal|hCoV-19/Senegal/620/2020|2020-03-20|2020.216,EPI_ISL_420078,hCoV-19/Senegal/620/2020,Africa / Senegal / Thies,20/03/2020,Africa/Senegal/Thies,Africa,Senegal,Thies,Human,FALSE,FALSE,TRUE,2020.215847
EPI_ISL_420079|Human|Senegal|hCoV-19/Senegal/640/2020|2020-03-20|2020.216,EPI_ISL_420079,hCoV-19/Senegal/640/2020,Africa / Senegal / Mbour,20/03/2020,Africa/Senegal/Mbour,Africa,Senegal,Mbour,Human,FALSE,FALSE,TRUE,2020.215847
EPI_ISL_420838|Human|Democratic Republic of the Congo|hCoV-19/DRC/253/2020|2020-03-22|2020.221,EPI_ISL_420838,hCoV-19/DRC/253/2020,Africa / Democratic Republic of the Congo / Kinshasa,22/03/2020,Africa/Democratic Republic of the Congo/Kinshasa,Africa,Democratic Republic of the Congo,Kinshasa,Human,FALSE,FALSE,TRUE,2020.221311
EPI_ISL_420839|Human|Democratic Republic of the Congo|hCoV-19/DRC/254/2020|2020-03-22|2020.221,EPI_ISL_420839,hCoV-19/DRC/254/2020,Africa / Democratic Republic of the Congo / Kinshasa,22/03/2020,Africa/Democratic Republic of the Congo/Kinshasa,Africa,Democratic Republic of the Congo,Kinshasa,Human,FALSE,FALSE,TRUE,2020.221311
EPI_ISL_420840|Human|Democratic Republic of the Congo|hCoV-19/DRC/299/2020|2020-03-20|2020.216,EPI_ISL_420840,hCoV-19/DRC/299/2020,Africa / Democratic Republic of the Congo / Sud Kivu,20/03/2020,Africa/Democratic Republic of the Congo/Sud Kivu,Africa,Democratic Republic of the Congo,Sud Kivu,Human,FALSE,FALSE,TRUE,2020.215847
EPI_ISL_420841|Human|Democratic Republic of the Congo|hCoV-19/DRC/300/2020|2020-03-22|2020.221,EPI_ISL_420841,hCoV-19/DRC/300/2020,Africa / Democratic Republic of the Congo / Sud Kivu,22/03/2020,Africa/Democratic Republic of the Congo/Sud Kivu,Africa,Democratic Republic of the Congo,Sud Kivu,Human,FALSE,FALSE,TRUE,2020.221311
EPI_ISL_420842|Human|Democratic Republic of the Congo|hCoV-19/DRC/307/2020|2020-03|2020.202,EPI_ISL_420842,hCoV-19/DRC/307/2020,Africa / Democratic Republic of the Congo / Kinshasa,2020-03,Africa/Democratic Republic of the Congo/Kinshasa,Africa,Democratic Republic of the Congo,Kinshasa,Human,FALSE,TRUE,FALSE,2020.202186
EPI_ISL_420843|Human|Democratic Republic of the Congo|hCoV-19/DRC/353/2020|2020-03|2020.202,EPI_ISL_420843,hCoV-19/DRC/353/2020,Africa / Democratic Republic of the Congo / Kinshasa,2020-03,Africa/Democratic Republic of the Congo/Kinshasa,Africa,Democratic Republic of the Congo,Kinshasa,Human,FALSE,TRUE,FALSE,2020.202186
EPI_ISL_420844|Human|Democratic Republic of the Congo|hCoV-19/DRC/355/2020|2020-03|2020.202,EPI_ISL_420844,hCoV-19/DRC/355/2020,Africa / Democratic Republic of the Congo / Kinshasa,2020-03,Africa/Democratic Republic of the Congo/Kinshasa,Africa,Democratic Republic of the Congo,Kinshasa,Human,FALSE,TRUE,FALSE,2020.202186
EPI_ISL_420845|Human|Democratic Republic of the Congo|hCoV-19/DRC/397/2020|2020-03-26|2020.232,EPI_ISL_420845,hCoV-19/DRC/397/2020,Africa / Democratic Republic of the Congo / Kinshasa,26/03/2020,Africa/Democratic Republic of the Congo/Kinshasa,Africa,Democratic Republic of the Congo,Kinshasa,Human,FALSE,FALSE,TRUE,2020.23224
EPI_ISL_420846|Human|Democratic Republic of the Congo|hCoV-19/DRC/400/2020|2020-03|2020.202,EPI_ISL_420846,hCoV-19/DRC/400/2020,Africa / Democratic Republic of the Congo / Kinshasa,2020-03,Africa/Democratic Republic of the Congo/Kinshasa,Africa,Democratic Republic of the Congo,Kinshasa,Human,FALSE,TRUE,FALSE,2020.202186
EPI_ISL_420847|Human|Democratic Republic of the Congo|hCoV-19/DRC/431/2020|2020-03-26|2020.232,EPI_ISL_420847,hCoV-19/DRC/431/2020,Africa / Democratic Republic of the Congo,26/03/2020,Africa/Democratic Republic of the Congo,Africa,Democratic Republic of the Congo,NA,Human,FALSE,FALSE,TRUE,2020.23224
EPI_ISL_420848|Human|Democratic Republic of the Congo|hCoV-19/DRC/445/2020|2020-03|2020.202,EPI_ISL_420848,hCoV-19/DRC/445/2020,Africa / Democratic Republic of the Congo / Kinshasa,2020-03,Africa/Democratic Republic of the Congo/Kinshasa,Africa,Democratic Republic of the Congo,Kinshasa,Human,FALSE,TRUE,FALSE,2020.202186
EPI_ISL_420849|Human|Democratic Republic of the Congo|hCoV-19/DRC/523/2020|2020-03-28|2020.238,EPI_ISL_420849,hCoV-19/DRC/523/2020,Africa / Democratic Republic of the Congo / Kinshasa,28/03/2020,Africa/Democratic Republic of the Congo/Kinshasa,Africa,Democratic Republic of the Congo,Kinshasa,Human,FALSE,FALSE,TRUE,2020.237705
EPI_ISL_420850|Human|Democratic Republic of the Congo|hCoV-19/DRC/352/2020|2020-03|2020.202,EPI_ISL_420850,hCoV-19/DRC/352/2020,Africa / Democratic Republic of the Congo / Kinshasa,2020-03,Africa/Democratic Republic of the Congo/Kinshasa,Africa,Democratic Republic of the Congo,Kinshasa,Human,FALSE,TRUE,FALSE,2020.202186
EPI_ISL_420851|Human|Democratic Republic of the Congo|hCoV-19/DRC/376/2020|2020-03-25|2020.230,EPI_ISL_420851,hCoV-19/DRC/376/2020,Africa / Democratic Republic of the Congo / Kinshasa,25/03/2020,Africa/Democratic Republic of the Congo/Kinshasa,Africa,Democratic Republic of the Congo,Kinshasa,Human,FALSE,FALSE,TRUE,2020.229508
EPI_ISL_420852|Human|Democratic Republic of the Congo|hCoV-19/DRC/396/2020|2020-03-26|2020.232,EPI_ISL_420852,hCoV-19/DRC/396/2020,Africa / Democratic Republic of the Congo / Kinshasa,26/03/2020,Africa/Democratic Republic of the Congo/Kinshasa,Africa,Democratic Republic of the Congo,Kinshasa,Human,FALSE,FALSE,TRUE,2020.23224
EPI_ISL_420853|Human|Democratic Republic of the Congo|hCoV-19/DRC/402/2020|2020-03-26|2020.232,EPI_ISL_420853,hCoV-19/DRC/402/2020,Africa / Democratic Republic of the Congo / Kinshasa,26/03/2020,Africa/Democratic Republic of the Congo/Kinshasa,Africa,Democratic Republic of the Congo,Kinshasa,Human,FALSE,FALSE,TRUE,2020.23224
EPI_ISL_420854|Human|Democratic Republic of the Congo|hCoV-19/DRC/521/2020|2020-03-25|2020.230,EPI_ISL_420854,hCoV-19/DRC/521/2020,Africa / Democratic Republic of the Congo / Kinshasa,25/03/2020,Africa/Democratic Republic of the Congo/Kinshasa,Africa,Democratic Republic of the Congo,Kinshasa,Human,FALSE,FALSE,TRUE,2020.229508
EPI_ISL_421572|Human|South Africa|hCoV-19/South Africa/KRISP-02/2020|2020-03-23|2020.224,EPI_ISL_421572,hCoV-19/South Africa/KRISP-02/2020,Africa / South Africa / KZN,23/03/2020,Africa/South Africa/KZN,Africa,South Africa,KZN,Human,FALSE,FALSE,TRUE,2020.224044
EPI_ISL_421573|Human|South Africa|hCoV-19/South Africa/KRISP-06/2020|2020-03-31|2020.246,EPI_ISL_421573,hCoV-19/South Africa/KRISP-06/2020,Africa / South Africa / KZN,31/03/2020,Africa/South Africa/KZN,Africa,South Africa,KZN,Human,FALSE,FALSE,TRUE,2020.245902
EPI_ISL_421574|Human|South Africa|hCoV-19/South Africa/KRISP-07/2020|2020-04-01|2020.249,EPI_ISL_421574,hCoV-19/South Africa/KRISP-07/2020,Africa / South Africa / KZN,01/04/2020,Africa/South Africa/KZN,Africa,South Africa,KZN,Human,FALSE,FALSE,TRUE,2020.248634
EPI_ISL_421575|Human|South Africa|hCoV-19/South Africa/KRISP-011/2020|2020-04-01|2020.249,EPI_ISL_421575,hCoV-19/South Africa/KRISP-011/2020,Africa / South Africa / KZN,01/04/2020,Africa/South Africa/KZN,Africa,South Africa,KZN,Human,FALSE,FALSE,TRUE,2020.248634
EPI_ISL_421576|Human|South Africa|hCoV-19/South Africa/KRISP-012/2020|2020-04-01|2020.249,EPI_ISL_421576,hCoV-19/South Africa/KRISP-012/2020,Africa / South Africa / KZN,01/04/2020,Africa/South Africa/KZN,Africa,South Africa,KZN,Human,FALSE,FALSE,TRUE,2020.248634
EPI_ISL_422382|Human|Ghana|hCoV-19/Ghana/1513_S1/2020|2020-03-24|2020.227,EPI_ISL_422382,hCoV-19/Ghana/1513_S1/2020,Africa / Ghana / Greater Accra,24/03/2020,Africa/Ghana/Greater Accra,Africa,Ghana,Greater Accra,Human,FALSE,FALSE,TRUE,2020.226776
EPI_ISL_422384|Human|Ghana|hCoV-19/Ghana/1622_S2/2020|2020-03-24|2020.227,EPI_ISL_422384,hCoV-19/Ghana/1622_S2/2020,Africa / Ghana / Greater Accra,24/03/2020,Africa/Ghana/Greater Accra,Africa,Ghana,Greater Accra,Human,FALSE,FALSE,TRUE,2020.226776
EPI_ISL_422387|Human|Ghana|hCoV-19/Ghana/1651_S3/2020|2020-03-25|2020.230,EPI_ISL_422387,hCoV-19/Ghana/1651_S3/2020,Africa / Ghana / Greater Accra,25/03/2020,Africa/Ghana/Greater Accra,Africa,Ghana,Greater Accra,Human,FALSE,FALSE,TRUE,2020.229508
EPI_ISL_422390|Human|Ghana|hCoV-19/Ghana/2230_S4/2020|2020-03-25|2020.230,EPI_ISL_422390,hCoV-19/Ghana/2230_S4/2020,Africa / Ghana / Greater Accra,25/03/2020,Africa/Ghana/Greater Accra,Africa,Ghana,Greater Accra,Human,FALSE,FALSE,TRUE,2020.229508
EPI_ISL_422394|Human|Ghana|hCoV-19/Ghana/2333_S5/2020|2020-03-27|2020.235,EPI_ISL_422394,hCoV-19/Ghana/2333_S5/2020,Africa / Ghana / Greater Accra,27/03/2020,Africa/Ghana/Greater Accra,Africa,Ghana,Greater Accra,Human,FALSE,FALSE,TRUE,2020.234973
EPI_ISL_422397|Human|Ghana|hCoV-19/Ghana/2828_S6/2020|2020-03-29|2020.240,EPI_ISL_422397,hCoV-19/Ghana/2828_S6/2020,Africa / Ghana / Greater Accra,29/03/2020,Africa/Ghana/Greater Accra,Africa,Ghana,Greater Accra,Human,FALSE,FALSE,TRUE,2020.240437
EPI_ISL_422398|Human|Ghana|hCoV-19/Ghana/2853_S7/2020|2020-03-29|2020.240,EPI_ISL_422398,hCoV-19/Ghana/2853_S7/2020,Africa / Ghana / Greater Accra,29/03/2020,Africa/Ghana/Greater Accra,Africa,Ghana,Greater Accra,Human,FALSE,FALSE,TRUE,2020.240437
EPI_ISL_422399|Human|Ghana|hCoV-19/Ghana/2914_S8/2020|2020-03-30|2020.243,EPI_ISL_422399,hCoV-19/Ghana/2914_S8/2020,Africa / Ghana / Greater Accra,30/03/2020,Africa/Ghana/Greater Accra,Africa,Ghana,Greater Accra,Human,FALSE,FALSE,TRUE,2020.243169
EPI_ISL_422400|Human|Ghana|hCoV-19/Ghana/2944_S9/2020|2020-03-30|2020.243,EPI_ISL_422400,hCoV-19/Ghana/2944_S9/2020,Africa / Ghana / Greater Accra,30/03/2020,Africa/Ghana/Greater Accra,Africa,Ghana,Greater Accra,Human,FALSE,FALSE,TRUE,2020.243169
EPI_ISL_422401|Human|Ghana|hCoV-19/Ghana/2986_S10/2020|2020-03-31|2020.246,EPI_ISL_422401,hCoV-19/Ghana/2986_S10/2020,Africa / Ghana / Greater Accra,31/03/2020,Africa/Ghana/Greater Accra,Africa,Ghana,Greater Accra,Human,FALSE,FALSE,TRUE,2020.245902
EPI_ISL_422402|Human|Ghana|hCoV-19/Ghana/3176_S11/2020|2020-03-30|2020.243,EPI_ISL_422402,hCoV-19/Ghana/3176_S11/2020,Africa / Ghana / Greater Accra,30/03/2020,Africa/Ghana/Greater Accra,Africa,Ghana,Greater Accra,Human,FALSE,FALSE,TRUE,2020.243169
EPI_ISL_422403|Human|Ghana|hCoV-19/Ghana/3177_S12/2020|2020-03-30|2020.243,EPI_ISL_422403,hCoV-19/Ghana/3177_S12/2020,Africa / Ghana / Greater Accra,30/03/2020,Africa/Ghana/Greater Accra,Africa,Ghana,Greater Accra,Human,FALSE,FALSE,TRUE,2020.243169
EPI_ISL_422404|Human|Ghana|hCoV-19/Ghana/1565_S13/2020|2020-03-24|2020.227,EPI_ISL_422404,hCoV-19/Ghana/1565_S13/2020,Africa / Ghana / Greater Accra,24/03/2020,Africa/Ghana/Greater Accra,Africa,Ghana,Greater Accra,Human,FALSE,FALSE,TRUE,2020.226776
EPI_ISL_422405|Human|Ghana|hCoV-19/Ghana/1659_S14/2020|2020-03-25|2020.230,EPI_ISL_422405,hCoV-19/Ghana/1659_S14/2020,Africa / Ghana / Greater Accra,25/03/2020,Africa/Ghana/Greater Accra,Africa,Ghana,Greater Accra,Human,FALSE,FALSE,TRUE,2020.229508
EPI_ISL_422406|Human|Ghana|hCoV-19/Ghana/2850_S15/2020|2020-03-29|2020.240,EPI_ISL_422406,hCoV-19/Ghana/2850_S15/2020,Africa / Ghana / Greater Accra,29/03/2020,Africa/Ghana/Greater Accra,Africa,Ghana,Greater Accra,Human,FALSE,FALSE,TRUE,2020.240437
EPI_ISL_428855|Human|Gambia|hCoV-19/Gambia/GC19-015/2020|2020-03-17|2020.208,EPI_ISL_428855,hCoV-19/Gambia/GC19-015/2020,Africa / Gambia / West Coast Region,17/03/2020,Africa/Gambia/West Coast Region,Africa,Gambia,West Coast Region,Human,FALSE,FALSE,TRUE,2020.20765
EPI_ISL_428856|Human|Gambia|hCoV-19/Gambia/GC19-026/2020|2020-03-21|2020.219,EPI_ISL_428856,hCoV-19/Gambia/GC19-026/2020,Africa / Gambia / West Coast Region,21/03/2020,Africa/Gambia/West Coast Region,Africa,Gambia,West Coast Region,Human,FALSE,FALSE,TRUE,2020.218579
EPI_ISL_428857|Human|Gambia|hCoV-19/Gambia/GC19-029/2020|2020-04-20|2020.301,EPI_ISL_428857,hCoV-19/Gambia/GC19-029/2020,Africa / Gambia / West Coast Region,20/04/2020,Africa/Gambia/West Coast Region,Africa,Gambia,West Coast Region,Human,FALSE,FALSE,TRUE,2020.300546
EPI_ISL_429254|Human|Democratic Republic of the Congo|hCoV-19/DRC/998/2020|2020-04-03|2020.254,EPI_ISL_429254,hCoV-19/DRC/998/2020,Africa / Democratic Republic of the Congo / Kinshasa,03/04/2020,Africa/Democratic Republic of the Congo/Kinshasa,Africa,Democratic Republic of the Congo,Kinshasa,Human,FALSE,FALSE,TRUE,2020.254098
EPI_ISL_429255|Human|Democratic Republic of the Congo|hCoV-19/DRC/1131/2020|2020-04-05|2020.260,EPI_ISL_429255,hCoV-19/DRC/1131/2020,Africa / Democratic Republic of the Congo / Kinshasa,05/04/2020,Africa/Democratic Republic of the Congo/Kinshasa,Africa,Democratic Republic of the Congo,Kinshasa,Human,FALSE,FALSE,TRUE,2020.259563
EPI_ISL_429258|Human|Democratic Republic of the Congo|hCoV-19/DRC/1234/2020|2020-04-06|2020.262,EPI_ISL_429258,hCoV-19/DRC/1234/2020,Africa / Democratic Republic of the Congo / Kinshasa,06/04/2020,Africa/Democratic Republic of the Congo/Kinshasa,Africa,Democratic Republic of the Congo,Kinshasa,Human,FALSE,FALSE,TRUE,2020.262295
EPI_ISL_429259|Human|Democratic Republic of the Congo|hCoV-19/DRC/1249/2020|2020-04-06|2020.262,EPI_ISL_429259,hCoV-19/DRC/1249/2020,Africa / Democratic Republic of the Congo / Kinshasa,06/04/2020,Africa/Democratic Republic of the Congo/Kinshasa,Africa,Democratic Republic of the Congo,Kinshasa,Human,FALSE,FALSE,TRUE,2020.262295
EPI_ISL_430297|Human|South Africa|hCoV-19/South Africa/R02827/2020|2020-03-06|2020.178,EPI_ISL_430297,hCoV-19/South Africa/R02827/2020,Africa / South Africa / GP,06/03/2020,Africa/South Africa/GP,Africa,South Africa,GP,Human,FALSE,FALSE,TRUE,2020.177596
EPI_ISL_431011|Human|Democratic Republic of the Congo|hCoV-19/DRC/1319/2020|2020-04-07|2020.265,EPI_ISL_431011,hCoV-19/DRC/1319/2020,Africa / Democratic Republic of the Congo / Kinshasa,07/04/2020,Africa/Democratic Republic of the Congo/Kinshasa,Africa,Democratic Republic of the Congo,Kinshasa,Human,FALSE,FALSE,TRUE,2020.265027
EPI_ISL_431012|Human|Democratic Republic of the Congo|hCoV-19/DRC/1376/2020|2020-04-07|2020.265,EPI_ISL_431012,hCoV-19/DRC/1376/2020,Africa / Democratic Republic of the Congo / Kinshasa,07/04/2020,Africa/Democratic Republic of the Congo/Kinshasa,Africa,Democratic Republic of the Congo,Kinshasa,Human,FALSE,FALSE,TRUE,2020.265027
EPI_ISL_434678|Human|Democratic Republic of the Congo|hCoV-19/DRC/1377/2020|2020-04-07|2020.265,EPI_ISL_434678,hCoV-19/DRC/1377/2020,Africa / Democratic Republic of the Congo / Kinshasa,07/04/2020,Africa/Democratic Republic of the Congo/Kinshasa,Africa,Democratic Republic of the Congo,Kinshasa,Human,FALSE,FALSE,TRUE,2020.265027
EPI_ISL_434679|Human|Democratic Republic of the Congo|hCoV-19/DRC/1397/2020|2020-04-07|2020.265,EPI_ISL_434679,hCoV-19/DRC/1397/2020,Africa / Democratic Republic of the Congo / Kinshasa,07/04/2020,Africa/Democratic Republic of the Congo/Kinshasa,Africa,Democratic Republic of the Congo,Kinshasa,Human,FALSE,FALSE,TRUE,2020.265027
EPI_ISL_434680|Human|Democratic Republic of the Congo|hCoV-19/DRC/1422/2020|2020-04-08|2020.268,EPI_ISL_434680,hCoV-19/DRC/1422/2020,Africa / Democratic Republic of the Congo / Kinshasa,08/04/2020,Africa/Democratic Republic of the Congo/Kinshasa,Africa,Democratic Republic of the Congo,Kinshasa,Human,FALSE,FALSE,TRUE,2020.26776
EPI_ISL_434681|Human|Democratic Republic of the Congo|hCoV-19/DRC/1565/2020|2020-04-09|2020.270,EPI_ISL_434681,hCoV-19/DRC/1565/2020,Africa / Democratic Republic of the Congo / Kinshasa,09/04/2020,Africa/Democratic Republic of the Congo/Kinshasa,Africa,Democratic Republic of the Congo,Kinshasa,Human,FALSE,FALSE,TRUE,2020.270492
EPI_ISL_434710|Human|Democratic Republic of the Congo|hCoV-19/DRC/1423/2020|2020-04-08|2020.268,EPI_ISL_434710,hCoV-19/DRC/1423/2020,Africa / Democratic Republic of the Congo / Kinshasa,08/04/2020,Africa/Democratic Republic of the Congo/Kinshasa,Africa,Democratic Republic of the Congo,Kinshasa,Human,FALSE,FALSE,TRUE,2020.26776
EPI_ISL_434711|Human|Democratic Republic of the Congo|hCoV-19/DRC/1486/2020|2020-04-08|2020.268,EPI_ISL_434711,hCoV-19/DRC/1486/2020,Africa / Democratic Republic of the Congo / Kinshasa,08/04/2020,Africa/Democratic Republic of the Congo/Kinshasa,Africa,Democratic Republic of the Congo,Kinshasa,Human,FALSE,FALSE,TRUE,2020.26776
EPI_ISL_435032|Human|Democratic Republic of the Congo|hCoV-19/DRC/1516/2020|2020-04-09|2020.270,EPI_ISL_435032,hCoV-19/DRC/1516/2020,Africa / Democratic Republic of the Congo / Kinshasa,09/04/2020,Africa/Democratic Republic of the Congo/Kinshasa,Africa,Democratic Republic of the Congo,Kinshasa,Human,FALSE,FALSE,TRUE,2020.270492
EPI_ISL_435033|Human|Democratic Republic of the Congo|hCoV-19/DRC/1324/2020|2020-04-07|2020.265,EPI_ISL_435033,hCoV-19/DRC/1324/2020,Africa / Democratic Republic of the Congo / Kinshasa,07/04/2020,Africa/Democratic Republic of the Congo/Kinshasa,Africa,Democratic Republic of the Congo,Kinshasa,Human,FALSE,FALSE,TRUE,2020.265027
EPI_ISL_435058|Human|South Africa|hCoV-19/South Africa/R02606/2020|2020-03-11|2020.191,EPI_ISL_435058,hCoV-19/South Africa/R02606/2020,Africa / South Africa / KZN,11/03/2020,Africa/South Africa/KZN,Africa,South Africa,KZN,Human,FALSE,FALSE,TRUE,2020.191257
EPI_ISL_435059|Human|South Africa|hCoV-19/South Africa/R05475/2020|2020-03-20|2020.216,EPI_ISL_435059,hCoV-19/South Africa/R05475/2020,Africa / South Africa / EC,20/03/2020,Africa/South Africa/EC,Africa,South Africa,EC,Human,FALSE,FALSE,TRUE,2020.215847
EPI_ISL_435113|Human|Democratic Republic of the Congo|hCoV-19/DRC/1382/2020|2020-04-07|2020.265,EPI_ISL_435113,hCoV-19/DRC/1382/2020,Africa / Democratic Republic of the Congo / Kinshasa,07/04/2020,Africa/Democratic Republic of the Congo/Kinshasa,Africa,Democratic Republic of the Congo,Kinshasa,Human,FALSE,FALSE,TRUE,2020.265027
EPI_ISL_435114|Human|Democratic Republic of the Congo|hCoV-19/DRC/1398/2020|2020-04-07|2020.265,EPI_ISL_435114,hCoV-19/DRC/1398/2020,Africa / Democratic Republic of the Congo / Kinshasa,07/04/2020,Africa/Democratic Republic of the Congo/Kinshasa,Africa,Democratic Republic of the Congo,Kinshasa,Human,FALSE,FALSE,TRUE,2020.265027
EPI_ISL_435116|Human|Democratic Republic of the Congo|hCoV-19/DRC/1326/2020|2020-04-07|2020.265,EPI_ISL_435116,hCoV-19/DRC/1326/2020,Africa / Democratic Republic of the Congo / Kinshasa,07/04/2020,Africa/Democratic Republic of the Congo/Kinshasa,Africa,Democratic Republic of the Congo,Kinshasa,Human,FALSE,FALSE,TRUE,2020.265027
EPI_ISL_435117|Human|Democratic Republic of the Congo|hCoV-19/DRC/1375/2020|2020-04-07|2020.265,EPI_ISL_435117,hCoV-19/DRC/1375/2020,Africa / Democratic Republic of the Congo / Kinshasa,07/04/2020,Africa/Democratic Republic of the Congo/Kinshasa,Africa,Democratic Republic of the Congo,Kinshasa,Human,FALSE,FALSE,TRUE,2020.265027
EPI_ISL_435118|Human|Democratic Republic of the Congo|hCoV-19/DRC/1378/2020|2020-04-07|2020.265,EPI_ISL_435118,hCoV-19/DRC/1378/2020,Africa / Democratic Republic of the Congo / Kinshasa,07/04/2020,Africa/Democratic Republic of the Congo/Kinshasa,Africa,Democratic Republic of the Congo,Kinshasa,Human,FALSE,FALSE,TRUE,2020.265027
EPI_ISL_435156|Human|Democratic Republic of the Congo|hCoV-19/DRC/1715/2020|2020-04-10|2020.273,EPI_ISL_435156,hCoV-19/DRC/1715/2020,Africa / Democratic Republic of the Congo / Kinshasa,10/04/2020,Africa/Democratic Republic of the Congo/Kinshasa,Africa,Democratic Republic of the Congo,Kinshasa,Human,FALSE,FALSE,TRUE,2020.273224
EPI_ISL_435157|Human|Democratic Republic of the Congo|hCoV-19/DRC/1767/2020|2020-04-10|2020.273,EPI_ISL_435157,hCoV-19/DRC/1767/2020,Africa / Democratic Republic of the Congo / Kinshasa,10/04/2020,Africa/Democratic Republic of the Congo/Kinshasa,Africa,Democratic Republic of the Congo,Kinshasa,Human,FALSE,FALSE,TRUE,2020.273224
EPI_ISL_435158|Human|Democratic Republic of the Congo|hCoV-19/DRC/1779/2020|2020-04-10|2020.273,EPI_ISL_435158,hCoV-19/DRC/1779/2020,Africa / Democratic Republic of the Congo / Kinshasa,10/04/2020,Africa/Democratic Republic of the Congo/Kinshasa,Africa,Democratic Republic of the Congo,Kinshasa,Human,FALSE,FALSE,TRUE,2020.273224
EPI_ISL_435159|Human|Democratic Republic of the Congo|hCoV-19/DRC/1952/2020|2020-04-11|2020.276,EPI_ISL_435159,hCoV-19/DRC/1952/2020,Africa / Democratic Republic of the Congo / Kinshasa,11/04/2020,Africa/Democratic Republic of the Congo/Kinshasa,Africa,Democratic Republic of the Congo,Kinshasa,Human,FALSE,FALSE,TRUE,2020.275956
EPI_ISL_435160|Human|Democratic Republic of the Congo|hCoV-19/DRC/1982/2020|2020-04-12|2020.279,EPI_ISL_435160,hCoV-19/DRC/1982/2020,Africa / Democratic Republic of the Congo / Kinshasa,12/04/2020,Africa/Democratic Republic of the Congo/Kinshasa,Africa,Democratic Republic of the Congo,Kinshasa,Human,FALSE,FALSE,TRUE,2020.278689
EPI_ISL_435161|Human|Democratic Republic of the Congo|hCoV-19/DRC/2047/2020|2020-04-12|2020.279,EPI_ISL_435161,hCoV-19/DRC/2047/2020,Africa / Democratic Republic of the Congo / Kinshasa,12/04/2020,Africa/Democratic Republic of the Congo/Kinshasa,Africa,Democratic Republic of the Congo,Kinshasa,Human,FALSE,FALSE,TRUE,2020.278689
EPI_ISL_435162|Human|Democratic Republic of the Congo|hCoV-19/DRC/2063/2020|2020-04-12|2020.279,EPI_ISL_435162,hCoV-19/DRC/2063/2020,Africa / Democratic Republic of the Congo / Kinshasa,12/04/2020,Africa/Democratic Republic of the Congo/Kinshasa,Africa,Democratic Republic of the Congo,Kinshasa,Human,FALSE,FALSE,TRUE,2020.278689
EPI_ISL_435163|Human|Democratic Republic of the Congo|hCoV-19/DRC/2120/2020|2020-04-12|2020.279,EPI_ISL_435163,hCoV-19/DRC/2120/2020,Africa / Democratic Republic of the Congo / Kinshasa,12/04/2020,Africa/Democratic Republic of the Congo/Kinshasa,Africa,Democratic Republic of the Congo,Kinshasa,Human,FALSE,FALSE,TRUE,2020.278689
EPI_ISL_435164|Human|Democratic Republic of the Congo|hCoV-19/DRC/2121/2020|2020-04-12|2020.279,EPI_ISL_435164,hCoV-19/DRC/2121/2020,Africa / Democratic Republic of the Congo / Kinshasa,12/04/2020,Africa/Democratic Republic of the Congo/Kinshasa,Africa,Democratic Republic of the Congo,Kinshasa,Human,FALSE,FALSE,TRUE,2020.278689
EPI_ISL_435165|Human|Democratic Republic of the Congo|hCoV-19/DRC/2122/2020|2020-04-13|2020.281,EPI_ISL_435165,hCoV-19/DRC/2122/2020,Africa / Democratic Republic of the Congo / Kinshasa,13/04/2020,Africa/Democratic Republic of the Congo/Kinshasa,Africa,Democratic Republic of the Congo,Kinshasa,Human,FALSE,FALSE,TRUE,2020.281421
EPI_ISL_435166|Human|Democratic Republic of the Congo|hCoV-19/DRC/2125/2020|2020-04-13|2020.281,EPI_ISL_435166,hCoV-19/DRC/2125/2020,Africa / Democratic Republic of the Congo / Kinshasa,13/04/2020,Africa/Democratic Republic of the Congo/Kinshasa,Africa,Democratic Republic of the Congo,Kinshasa,Human,FALSE,FALSE,TRUE,2020.281421
EPI_ISL_435167|Human|Democratic Republic of the Congo|hCoV-19/DRC/2128/2020|2020-04-13|2020.281,EPI_ISL_435167,hCoV-19/DRC/2128/2020,Africa / Democratic Republic of the Congo / Kinshasa,13/04/2020,Africa/Democratic Republic of the Congo/Kinshasa,Africa,Democratic Republic of the Congo,Kinshasa,Human,FALSE,FALSE,TRUE,2020.281421
EPI_ISL_435168|Human|Democratic Republic of the Congo|hCoV-19/DRC/2133/2020|2020-04-13|2020.281,EPI_ISL_435168,hCoV-19/DRC/2133/2020,Africa / Democratic Republic of the Congo / Kinshasa,13/04/2020,Africa/Democratic Republic of the Congo/Kinshasa,Africa,Democratic Republic of the Congo,Kinshasa,Human,FALSE,FALSE,TRUE,2020.281421
EPI_ISL_436194|Human|Democratic Republic of the Congo|hCoV-19/DRC/2169/2020|2020-04-13|2020.281,EPI_ISL_436194,hCoV-19/DRC/2169/2020,Africa / Democratic Republic of the Congo / Kinshasa,13/04/2020,Africa/Democratic Republic of the Congo/Kinshasa,Africa,Democratic Republic of the Congo,Kinshasa,Human,FALSE,FALSE,TRUE,2020.281421
EPI_ISL_436412|Human|Democratic Republic of the Congo|hCoV-19/DRC/2299/2020|2020-04-14|2020.284,EPI_ISL_436412,hCoV-19/DRC/2299/2020,Africa / Democratic Republic of the Congo / Kinshasa,14/04/2020,Africa/Democratic Republic of the Congo/Kinshasa,Africa,Democratic Republic of the Congo,Kinshasa,Human,FALSE,FALSE,TRUE,2020.284153
EPI_ISL_436684|Human|South Africa|hCoV-19/South Africa/KRISP-04/2020|2020-03-31|2020.246,EPI_ISL_436684,hCoV-19/South Africa/KRISP-04/2020,Africa / South Africa / KZN,31/03/2020,Africa/South Africa/KZN,Africa,South Africa,KZN,Human,FALSE,FALSE,TRUE,2020.245902
EPI_ISL_436685|Human|South Africa|hCoV-19/South Africa/KRISP-010/2020|2020-04-01|2020.249,EPI_ISL_436685,hCoV-19/South Africa/KRISP-010/2020,Africa / South Africa / KZN,01/04/2020,Africa/South Africa/KZN,Africa,South Africa,KZN,Human,FALSE,FALSE,TRUE,2020.248634
EPI_ISL_436686|Human|South Africa|hCoV-19/South Africa/KRISP-045/2020|2020-03-27|2020.235,EPI_ISL_436686,hCoV-19/South Africa/KRISP-045/2020,Africa / South Africa / KZN,27/03/2020,Africa/South Africa/KZN,Africa,South Africa,KZN,Human,FALSE,FALSE,TRUE,2020.234973
EPI_ISL_436687|Human|South Africa|hCoV-19/South Africa/KRISP-051/2020|2020-03-28|2020.238,EPI_ISL_436687,hCoV-19/South Africa/KRISP-051/2020,Africa / South Africa / KZN,28/03/2020,Africa/South Africa/KZN,Africa,South Africa,KZN,Human,FALSE,FALSE,TRUE,2020.237705
EPI_ISL_437193|Human|Democratic Republic of the Congo|hCoV-19/DRC/2364/2020|2020-04-14|2020.284,EPI_ISL_437193,hCoV-19/DRC/2364/2020,Africa / Democratic Republic of the Congo / Kinshasa,14/04/2020,Africa/Democratic Republic of the Congo/Kinshasa,Africa,Democratic Republic of the Congo,Kinshasa,Human,FALSE,FALSE,TRUE,2020.284153
EPI_ISL_437194|Human|Democratic Republic of the Congo|hCoV-19/DRC/2363/2020|2020-04-14|2020.284,EPI_ISL_437194,hCoV-19/DRC/2363/2020,Africa / Democratic Republic of the Congo / Kinshasa,14/04/2020,Africa/Democratic Republic of the Congo/Kinshasa,Africa,Democratic Republic of the Congo,Kinshasa,Human,FALSE,FALSE,TRUE,2020.284153
EPI_ISL_437195|Human|Democratic Republic of the Congo|hCoV-19/DRC/2369/2020|2020-04-14|2020.284,EPI_ISL_437195,hCoV-19/DRC/2369/2020,Africa / Democratic Republic of the Congo / Kinshasa,14/04/2020,Africa/Democratic Republic of the Congo/Kinshasa,Africa,Democratic Republic of the Congo,Kinshasa,Human,FALSE,FALSE,TRUE,2020.284153
EPI_ISL_437196|Human|Democratic Republic of the Congo|hCoV-19/DRC/2384/2020|2020-04-14|2020.284,EPI_ISL_437196,hCoV-19/DRC/2384/2020,Africa / Democratic Republic of the Congo / Kinshasa,14/04/2020,Africa/Democratic Republic of the Congo/Kinshasa,Africa,Democratic Republic of the Congo,Kinshasa,Human,FALSE,FALSE,TRUE,2020.284153
EPI_ISL_437337|Human|Democratic Republic of the Congo|hCoV-19/DRC/2496/2020|2020-04-15|2020.287,EPI_ISL_437337,hCoV-19/DRC/2496/2020,Africa / Democratic Republic of the Congo / Kinshasa,15/04/2020,Africa/Democratic Republic of the Congo/Kinshasa,Africa,Democratic Republic of the Congo,Kinshasa,Human,FALSE,FALSE,TRUE,2020.286885
EPI_ISL_437338|Human|Democratic Republic of the Congo|hCoV-19/DRC/2529/2020|2020-04-15|2020.287,EPI_ISL_437338,hCoV-19/DRC/2529/2020,Africa / Democratic Republic of the Congo / Kinshasa,15/04/2020,Africa/Democratic Republic of the Congo/Kinshasa,Africa,Democratic Republic of the Congo,Kinshasa,Human,FALSE,FALSE,TRUE,2020.286885
EPI_ISL_437339|Human|Democratic Republic of the Congo|hCoV-19/DRC/2536/2020|2020-04-15|2020.287,EPI_ISL_437339,hCoV-19/DRC/2536/2020,Africa / Democratic Republic of the Congo / Kinshasa,15/04/2020,Africa/Democratic Republic of the Congo/Kinshasa,Africa,Democratic Republic of the Congo,Kinshasa,Human,FALSE,FALSE,TRUE,2020.286885
EPI_ISL_437340|Human|Democratic Republic of the Congo|hCoV-19/DRC/2563/2020|2020-04-15|2020.287,EPI_ISL_437340,hCoV-19/DRC/2563/2020,Africa / Democratic Republic of the Congo / Kinshasa,15/04/2020,Africa/Democratic Republic of the Congo/Kinshasa,Africa,Democratic Republic of the Congo,Kinshasa,Human,FALSE,FALSE,TRUE,2020.286885
EPI_ISL_437341|Human|Democratic Republic of the Congo|hCoV-19/DRC/2580/2020|2020-04-15|2020.287,EPI_ISL_437341,hCoV-19/DRC/2580/2020,Africa / Democratic Republic of the Congo / Kinshasa,15/04/2020,Africa/Democratic Republic of the Congo/Kinshasa,Africa,Democratic Republic of the Congo,Kinshasa,Human,FALSE,FALSE,TRUE,2020.286885
EPI_ISL_437342|Human|Democratic Republic of the Congo|hCoV-19/DRC/2644/2020|2020-04-15|2020.287,EPI_ISL_437342,hCoV-19/DRC/2644/2020,Africa / Democratic Republic of the Congo / Kinshasa,15/04/2020,Africa/Democratic Republic of the Congo/Kinshasa,Africa,Democratic Republic of the Congo,Kinshasa,Human,FALSE,FALSE,TRUE,2020.286885
EPI_ISL_437343|Human|Democratic Republic of the Congo|hCoV-19/DRC/2670/2020|2020-04-15|2020.287,EPI_ISL_437343,hCoV-19/DRC/2670/2020,Africa / Democratic Republic of the Congo / Kinshasa,15/04/2020,Africa/Democratic Republic of the Congo/Kinshasa,Africa,Democratic Republic of the Congo,Kinshasa,Human,FALSE,FALSE,TRUE,2020.286885
EPI_ISL_437344|Human|Democratic Republic of the Congo|hCoV-19/DRC/2727/2020|2020-04-16|2020.290,EPI_ISL_437344,hCoV-19/DRC/2727/2020,Africa / Democratic Republic of the Congo / Kinshasa,16/04/2020,Africa/Democratic Republic of the Congo/Kinshasa,Africa,Democratic Republic of the Congo,Kinshasa,Human,FALSE,FALSE,TRUE,2020.289617
EPI_ISL_437345|Human|Democratic Republic of the Congo|hCoV-19/DRC/2728/2020|2020-04-16|2020.290,EPI_ISL_437345,hCoV-19/DRC/2728/2020,Africa / Democratic Republic of the Congo / Kinshasa,16/04/2020,Africa/Democratic Republic of the Congo/Kinshasa,Africa,Democratic Republic of the Congo,Kinshasa,Human,FALSE,FALSE,TRUE,2020.289617
EPI_ISL_437346|Human|Democratic Republic of the Congo|hCoV-19/DRC/2813/2020|2020-04-16|2020.290,EPI_ISL_437346,hCoV-19/DRC/2813/2020,Africa / Democratic Republic of the Congo / Kinshasa,16/04/2020,Africa/Democratic Republic of the Congo/Kinshasa,Africa,Democratic Republic of the Congo,Kinshasa,Human,FALSE,FALSE,TRUE,2020.289617
EPI_ISL_437347|Human|Democratic Republic of the Congo|hCoV-19/DRC/2819/2020|2020-04-16|2020.290,EPI_ISL_437347,hCoV-19/DRC/2819/2020,Africa / Democratic Republic of the Congo / Kinshasa,16/04/2020,Africa/Democratic Republic of the Congo/Kinshasa,Africa,Democratic Republic of the Congo,Kinshasa,Human,FALSE,FALSE,TRUE,2020.289617
EPI_ISL_437348|Human|Democratic Republic of the Congo|hCoV-19/DRC/2827/2020|2020-04-16|2020.290,EPI_ISL_437348,hCoV-19/DRC/2827/2020,Africa / Democratic Republic of the Congo / Kinshasa,16/04/2020,Africa/Democratic Republic of the Congo/Kinshasa,Africa,Democratic Republic of the Congo,Kinshasa,Human,FALSE,FALSE,TRUE,2020.289617
EPI_ISL_437350|Human|Democratic Republic of the Congo|hCoV-19/DRC/2855/2020|2020-04-16|2020.290,EPI_ISL_437350,hCoV-19/DRC/2855/2020,Africa / Democratic Republic of the Congo / Kinshasa,16/04/2020,Africa/Democratic Republic of the Congo/Kinshasa,Africa,Democratic Republic of the Congo,Kinshasa,Human,FALSE,FALSE,TRUE,2020.289617
EPI_ISL_437351|Human|Democratic Republic of the Congo|hCoV-19/DRC/2864/2020|2020-04-16|2020.290,EPI_ISL_437351,hCoV-19/DRC/2864/2020,Africa / Democratic Republic of the Congo / Kinshasa,16/04/2020,Africa/Democratic Republic of the Congo/Kinshasa,Africa,Democratic Republic of the Congo,Kinshasa,Human,FALSE,FALSE,TRUE,2020.289617
EPI_ISL_437352|Human|Democratic Republic of the Congo|hCoV-19/DRC/2904/2020|2020-04-17|2020.292,EPI_ISL_437352,hCoV-19/DRC/2904/2020,Africa / Democratic Republic of the Congo / Kinshasa,17/04/2020,Africa/Democratic Republic of the Congo/Kinshasa,Africa,Democratic Republic of the Congo,Kinshasa,Human,FALSE,FALSE,TRUE,2020.29235
EPI_ISL_437353|Human|Democratic Republic of the Congo|hCoV-19/DRC/2938/2020|2020-04-17|2020.292,EPI_ISL_437353,hCoV-19/DRC/2938/2020,Africa / Democratic Republic of the Congo / Kinshasa,17/04/2020,Africa/Democratic Republic of the Congo/Kinshasa,Africa,Democratic Republic of the Congo,Kinshasa,Human,FALSE,FALSE,TRUE,2020.29235
EPI_ISL_437354|Human|Democratic Republic of the Congo|hCoV-19/DRC/2939/2020|2020-04-17|2020.292,EPI_ISL_437354,hCoV-19/DRC/2939/2020,Africa / Democratic Republic of the Congo / Kinshasa,17/04/2020,Africa/Democratic Republic of the Congo/Kinshasa,Africa,Democratic Republic of the Congo,Kinshasa,Human,FALSE,FALSE,TRUE,2020.29235
EPI_ISL_437355|Human|Democratic Republic of the Congo|hCoV-19/DRC/2942/2020|2020-04-17|2020.292,EPI_ISL_437355,hCoV-19/DRC/2942/2020,Africa / Democratic Republic of the Congo / Kinshasa,17/04/2020,Africa/Democratic Republic of the Congo/Kinshasa,Africa,Democratic Republic of the Congo,Kinshasa,Human,FALSE,FALSE,TRUE,2020.29235
EPI_ISL_437356|Human|Democratic Republic of the Congo|hCoV-19/DRC/3041/2020|2020-04-18|2020.295,EPI_ISL_437356,hCoV-19/DRC/3041/2020,Africa / Democratic Republic of the Congo / Kinshasa,18/04/2020,Africa/Democratic Republic of the Congo/Kinshasa,Africa,Democratic Republic of the Congo,Kinshasa,Human,FALSE,FALSE,TRUE,2020.295082
EPI_ISL_437357|Human|Democratic Republic of the Congo|hCoV-19/DRC/3070/2020|2020-04-18|2020.295,EPI_ISL_437357,hCoV-19/DRC/3070/2020,Africa / Democratic Republic of the Congo / Kinshasa,18/04/2020,Africa/Democratic Republic of the Congo/Kinshasa,Africa,Democratic Republic of the Congo,Kinshasa,Human,FALSE,FALSE,TRUE,2020.295082
EPI_ISL_437358|Human|Democratic Republic of the Congo|hCoV-19/DRC/3089/2020|2020-04-19|2020.298,EPI_ISL_437358,hCoV-19/DRC/3089/2020,Africa / Democratic Republic of the Congo / Kinshasa,19/04/2020,Africa/Democratic Republic of the Congo/Kinshasa,Africa,Democratic Republic of the Congo,Kinshasa,Human,FALSE,FALSE,TRUE,2020.297814
EPI_ISL_447230|Human|Democratic Republic of the Congo|hCoV-19/DRC/3633/2020|2020-04-23|2020.309,EPI_ISL_447230,hCoV-19/DRC/3633/2020,Africa / Democratic Republic of the Congo / Kinshasa,23/04/2020,Africa/Democratic Republic of the Congo/Kinshasa,Africa,Democratic Republic of the Congo,Kinshasa,Human,FALSE,FALSE,TRUE,2020.308743
EPI_ISL_447231|Human|Democratic Republic of the Congo|hCoV-19/DRC/3653/2020|2020-04-23|2020.309,EPI_ISL_447231,hCoV-19/DRC/3653/2020,Africa / Democratic Republic of the Congo / Kinshasa,23/04/2020,Africa/Democratic Republic of the Congo/Kinshasa,Africa,Democratic Republic of the Congo,Kinshasa,Human,FALSE,FALSE,TRUE,2020.308743
EPI_ISL_447232|Human|Democratic Republic of the Congo|hCoV-19/DRC/3659/2020|2020-04-23|2020.309,EPI_ISL_447232,hCoV-19/DRC/3659/2020,Africa / Democratic Republic of the Congo / Kinshasa,23/04/2020,Africa/Democratic Republic of the Congo/Kinshasa,Africa,Democratic Republic of the Congo,Kinshasa,Human,FALSE,FALSE,TRUE,2020.308743
EPI_ISL_447233|Human|Democratic Republic of the Congo|hCoV-19/DRC/3661/2020|2020-04-23|2020.309,EPI_ISL_447233,hCoV-19/DRC/3661/2020,Africa / Democratic Republic of the Congo / Kinshasa,23/04/2020,Africa/Democratic Republic of the Congo/Kinshasa,Africa,Democratic Republic of the Congo,Kinshasa,Human,FALSE,FALSE,TRUE,2020.308743
EPI_ISL_447234|Human|Democratic Republic of the Congo|hCoV-19/DRC/3662/2020|2020-04-23|2020.309,EPI_ISL_447234,hCoV-19/DRC/3662/2020,Africa / Democratic Republic of the Congo / Kinshasa,23/04/2020,Africa/Democratic Republic of the Congo/Kinshasa,Africa,Democratic Republic of the Congo,Kinshasa,Human,FALSE,FALSE,TRUE,2020.308743
EPI_ISL_447235|Human|Democratic Republic of the Congo|hCoV-19/DRC/3664/2020|2020-04-23|2020.309,EPI_ISL_447235,hCoV-19/DRC/3664/2020,Africa / Democratic Republic of the Congo / Kinshasa,23/04/2020,Africa/Democratic Republic of the Congo/Kinshasa,Africa,Democratic Republic of the Congo,Kinshasa,Human,FALSE,FALSE,TRUE,2020.308743
EPI_ISL_447236|Human|Democratic Republic of the Congo|hCoV-19/DRC/3683/2020|2020-04-24|2020.311,EPI_ISL_447236,hCoV-19/DRC/3683/2020,Africa / Democratic Republic of the Congo / Kinshasa,24/04/2020,Africa/Democratic Republic of the Congo/Kinshasa,Africa,Democratic Republic of the Congo,Kinshasa,Human,FALSE,FALSE,TRUE,2020.311475
EPI_ISL_447237|Human|Democratic Republic of the Congo|hCoV-19/DRC/3688/2020|2020-04-24|2020.311,EPI_ISL_447237,hCoV-19/DRC/3688/2020,Africa / Democratic Republic of the Congo / Kinshasa,24/04/2020,Africa/Democratic Republic of the Congo/Kinshasa,Africa,Democratic Republic of the Congo,Kinshasa,Human,FALSE,FALSE,TRUE,2020.311475
EPI_ISL_447238|Human|Democratic Republic of the Congo|hCoV-19/DRC/3764/2020|2020-04-24|2020.311,EPI_ISL_447238,hCoV-19/DRC/3764/2020,Africa / Democratic Republic of the Congo / Kinshasa,24/04/2020,Africa/Democratic Republic of the Congo/Kinshasa,Africa,Democratic Republic of the Congo,Kinshasa,Human,FALSE,FALSE,TRUE,2020.311475
EPI_ISL_447239|Human|Democratic Republic of the Congo|hCoV-19/DRC/3768/2020|2020-04-24|2020.311,EPI_ISL_447239,hCoV-19/DRC/3768/2020,Africa / Democratic Republic of the Congo / Kinshasa,24/04/2020,Africa/Democratic Republic of the Congo/Kinshasa,Africa,Democratic Republic of the Congo,Kinshasa,Human,FALSE,FALSE,TRUE,2020.311475
EPI_ISL_447240|Human|Democratic Republic of the Congo|hCoV-19/DRC/3778/2020|2020-04-24|2020.311,EPI_ISL_447240,hCoV-19/DRC/3778/2020,Africa / Democratic Republic of the Congo / Kinshasa,24/04/2020,Africa/Democratic Republic of the Congo/Kinshasa,Africa,Democratic Republic of the Congo,Kinshasa,Human,FALSE,FALSE,TRUE,2020.311475
EPI_ISL_447241|Human|Democratic Republic of the Congo|hCoV-19/DRC/3787/2020|2020-04-24|2020.311,EPI_ISL_447241,hCoV-19/DRC/3787/2020,Africa / Democratic Republic of the Congo / Kinshasa,24/04/2020,Africa/Democratic Republic of the Congo/Kinshasa,Africa,Democratic Republic of the Congo,Kinshasa,Human,FALSE,FALSE,TRUE,2020.311475
EPI_ISL_447242|Human|Democratic Republic of the Congo|hCoV-19/DRC/3791/2020|2020-04-24|2020.311,EPI_ISL_447242,hCoV-19/DRC/3791/2020,Africa / Democratic Republic of the Congo / Kinshasa,24/04/2020,Africa/Democratic Republic of the Congo/Kinshasa,Africa,Democratic Republic of the Congo,Kinshasa,Human,FALSE,FALSE,TRUE,2020.311475
EPI_ISL_447243|Human|Democratic Republic of the Congo|hCoV-19/DRC/3803/2020|2020-04-24|2020.311,EPI_ISL_447243,hCoV-19/DRC/3803/2020,Africa / Democratic Republic of the Congo / Kinshasa,24/04/2020,Africa/Democratic Republic of the Congo/Kinshasa,Africa,Democratic Republic of the Congo,Kinshasa,Human,FALSE,FALSE,TRUE,2020.311475
EPI_ISL_447244|Human|Democratic Republic of the Congo|hCoV-19/DRC/3806/2020|2020-04-24|2020.311,EPI_ISL_447244,hCoV-19/DRC/3806/2020,Africa / Democratic Republic of the Congo / Kinshasa,24/04/2020,Africa/Democratic Republic of the Congo/Kinshasa,Africa,Democratic Republic of the Congo,Kinshasa,Human,FALSE,FALSE,TRUE,2020.311475
EPI_ISL_447245|Human|Democratic Republic of the Congo|hCoV-19/DRC/3827/2020|2020-04-24|2020.311,EPI_ISL_447245,hCoV-19/DRC/3827/2020,Africa / Democratic Republic of the Congo / Kinshasa,24/04/2020,Africa/Democratic Republic of the Congo/Kinshasa,Africa,Democratic Republic of the Congo,Kinshasa,Human,FALSE,FALSE,TRUE,2020.311475
EPI_ISL_447246|Human|Democratic Republic of the Congo|hCoV-19/DRC/3829/2020|2020-04-24|2020.311,EPI_ISL_447246,hCoV-19/DRC/3829/2020,Africa / Democratic Republic of the Congo / Kinshasa,24/04/2020,Africa/Democratic Republic of the Congo/Kinshasa,Africa,Democratic Republic of the Congo,Kinshasa,Human,FALSE,FALSE,TRUE,2020.311475
EPI_ISL_447247|Human|Democratic Republic of the Congo|hCoV-19/DRC/3834/2020|2020-04-25|2020.314,EPI_ISL_447247,hCoV-19/DRC/3834/2020,Africa / Democratic Republic of the Congo / Kinshasa,25/04/2020,Africa/Democratic Republic of the Congo/Kinshasa,Africa,Democratic Republic of the Congo,Kinshasa,Human,FALSE,FALSE,TRUE,2020.314208
EPI_ISL_447248|Human|Democratic Republic of the Congo|hCoV-19/DRC/3837/2020|2020-04-25|2020.314,EPI_ISL_447248,hCoV-19/DRC/3837/2020,Africa / Democratic Republic of the Congo / Kinshasa,25/04/2020,Africa/Democratic Republic of the Congo/Kinshasa,Africa,Democratic Republic of the Congo,Kinshasa,Human,FALSE,FALSE,TRUE,2020.314208
EPI_ISL_447249|Human|Democratic Republic of the Congo|hCoV-19/DRC/3841/2020|2020-04-25|2020.314,EPI_ISL_447249,hCoV-19/DRC/3841/2020,Africa / Democratic Republic of the Congo / Kinshasa,25/04/2020,Africa/Democratic Republic of the Congo/Kinshasa,Africa,Democratic Republic of the Congo,Kinshasa,Human,FALSE,FALSE,TRUE,2020.314208
EPI_ISL_447596|Human|Democratic Republic of the Congo|hCoV-19/DRC/1151/2020|2020-04-05|2020.260,EPI_ISL_447596,hCoV-19/DRC/1151/2020,Africa / Democratic Republic of the Congo / Kinshasa,05/04/2020,Africa/Democratic Republic of the Congo/Kinshasa,Africa,Democratic Republic of the Congo,Kinshasa,Human,FALSE,FALSE,TRUE,2020.259563
EPI_ISL_447597|Human|Democratic Republic of the Congo|hCoV-19/DRC/3440/2020|2020-04-22|2020.306,EPI_ISL_447597,hCoV-19/DRC/3440/2020,Africa / Democratic Republic of the Congo / Kinshasa,22/04/2020,Africa/Democratic Republic of the Congo/Kinshasa,Africa,Democratic Republic of the Congo,Kinshasa,Human,FALSE,FALSE,TRUE,2020.306011
EPI_ISL_447598|Human|Democratic Republic of the Congo|hCoV-19/DRC/3451/2020|2020-04-22|2020.306,EPI_ISL_447598,hCoV-19/DRC/3451/2020,Africa / Democratic Republic of the Congo / Kinshasa,22/04/2020,Africa/Democratic Republic of the Congo/Kinshasa,Africa,Democratic Republic of the Congo,Kinshasa,Human,FALSE,FALSE,TRUE,2020.306011
EPI_ISL_447599|Human|Democratic Republic of the Congo|hCoV-19/DRC/3453/2020|2020-04-22|2020.306,EPI_ISL_447599,hCoV-19/DRC/3453/2020,Africa / Democratic Republic of the Congo / Kinshasa,22/04/2020,Africa/Democratic Republic of the Congo/Kinshasa,Africa,Democratic Republic of the Congo,Kinshasa,Human,FALSE,FALSE,TRUE,2020.306011
EPI_ISL_447600|Human|Democratic Republic of the Congo|hCoV-19/DRC/3481/2020|2020-04-22|2020.306,EPI_ISL_447600,hCoV-19/DRC/3481/2020,Africa / Democratic Republic of the Congo / Kinshasa,22/04/2020,Africa/Democratic Republic of the Congo/Kinshasa,Africa,Democratic Republic of the Congo,Kinshasa,Human,FALSE,FALSE,TRUE,2020.306011
EPI_ISL_447601|Human|Democratic Republic of the Congo|hCoV-19/DRC/3482/2020|2020-04-22|2020.306,EPI_ISL_447601,hCoV-19/DRC/3482/2020,Africa / Democratic Republic of the Congo / Kinshasa,22/04/2020,Africa/Democratic Republic of the Congo/Kinshasa,Africa,Democratic Republic of the Congo,Kinshasa,Human,FALSE,FALSE,TRUE,2020.306011
EPI_ISL_447602|Human|Democratic Republic of the Congo|hCoV-19/DRC/3483/2020|2020-04-22|2020.306,EPI_ISL_447602,hCoV-19/DRC/3483/2020,Africa / Democratic Republic of the Congo / Kinshasa,22/04/2020,Africa/Democratic Republic of the Congo/Kinshasa,Africa,Democratic Republic of the Congo,Kinshasa,Human,FALSE,FALSE,TRUE,2020.306011
EPI_ISL_447603|Human|Democratic Republic of the Congo|hCoV-19/DRC/3490/2020|2020-04-22|2020.306,EPI_ISL_447603,hCoV-19/DRC/3490/2020,Africa / Democratic Republic of the Congo / Kinshasa,22/04/2020,Africa/Democratic Republic of the Congo/Kinshasa,Africa,Democratic Republic of the Congo,Kinshasa,Human,FALSE,FALSE,TRUE,2020.306011
EPI_ISL_447604|Human|Democratic Republic of the Congo|hCoV-19/DRC/3504/2020|2020-04-23|2020.309,EPI_ISL_447604,hCoV-19/DRC/3504/2020,Africa / Democratic Republic of the Congo / Kinshasa,23/04/2020,Africa/Democratic Republic of the Congo/Kinshasa,Africa,Democratic Republic of the Congo,Kinshasa,Human,FALSE,FALSE,TRUE,2020.308743
EPI_ISL_447605|Human|Democratic Republic of the Congo|hCoV-19/DRC/3552/2020|2020-04-23|2020.309,EPI_ISL_447605,hCoV-19/DRC/3552/2020,Africa / Democratic Republic of the Congo / Kinshasa,23/04/2020,Africa/Democratic Republic of the Congo/Kinshasa,Africa,Democratic Republic of the Congo,Kinshasa,Human,FALSE,FALSE,TRUE,2020.308743
EPI_ISL_447606|Human|Democratic Republic of the Congo|hCoV-19/DRC/3595/2020|2020-04-23|2020.309,EPI_ISL_447606,hCoV-19/DRC/3595/2020,Africa / Democratic Republic of the Congo / Kinshasa,23/04/2020,Africa/Democratic Republic of the Congo/Kinshasa,Africa,Democratic Republic of the Congo,Kinshasa,Human,FALSE,FALSE,TRUE,2020.308743
EPI_ISL_447607|Human|Democratic Republic of the Congo|hCoV-19/DRC/3632/2020|2020-04-23|2020.309,EPI_ISL_447607,hCoV-19/DRC/3632/2020,Africa / Democratic Republic of the Congo / Kinshasa,23/04/2020,Africa/Democratic Republic of the Congo/Kinshasa,Africa,Democratic Republic of the Congo,Kinshasa,Human,FALSE,FALSE,TRUE,2020.308743
EPI_ISL_450296|Human|South Africa|hCoV-19/South Africa/R04827/2020|2020-03-17|2020.208,EPI_ISL_450296,hCoV-19/South Africa/R04827/2020,Africa / South Africa / KZN,17/03/2020,Africa/South Africa/KZN,Africa,South Africa,KZN,Human,FALSE,FALSE,TRUE,2020.20765
EPI_ISL_450297|Human|South Africa|hCoV-19/South Africa/R05204/2020|2020-03-19|2020.213,EPI_ISL_450297,hCoV-19/South Africa/R05204/2020,Africa / South Africa / MP,19/03/2020,Africa/South Africa/MP,Africa,South Africa,MP,Human,FALSE,FALSE,TRUE,2020.213115
EPI_ISL_450298|Human|South Africa|hCoV-19/South Africa/R05360/2020|2020-03-19|2020.213,EPI_ISL_450298,hCoV-19/South Africa/R05360/2020,Africa / South Africa / KZN,19/03/2020,Africa/South Africa/KZN,Africa,South Africa,KZN,Human,FALSE,FALSE,TRUE,2020.213115
EPI_ISL_450299|Human|South Africa|hCoV-19/South Africa/R07552/2020|2020-03-31|2020.246,EPI_ISL_450299,hCoV-19/South Africa/R07552/2020,Africa / South Africa / GP,31/03/2020,Africa/South Africa/GP,Africa,South Africa,GP,Human,FALSE,FALSE,TRUE,2020.245902
EPI_ISL_450300|Human|South Africa|hCoV-19/South Africa/R07601/2020|2020-03-30|2020.243,EPI_ISL_450300,hCoV-19/South Africa/R07601/2020,Africa / South Africa / LP,30/03/2020,Africa/South Africa/LP,Africa,South Africa,LP,Human,FALSE,FALSE,TRUE,2020.243169
EPI_ISL_450301|Human|South Africa|hCoV-19/South Africa/R07719/2020|2020-04-01|2020.249,EPI_ISL_450301,hCoV-19/South Africa/R07719/2020,Africa / South Africa / Unknown,01/04/2020,Africa/South Africa/Unknown,Africa,South Africa,Unknown,Human,FALSE,FALSE,TRUE,2020.248634
EPI_ISL_450495|Human|South Africa|hCoV-19/South Africa/R05929/2020|2020-03-25|2020.230,EPI_ISL_450495,hCoV-19/South Africa/R05929/2020,Africa / South Africa / GP,25/03/2020,Africa/South Africa/GP,Africa,South Africa,GP,Human,FALSE,FALSE,TRUE,2020.229508
EPI_ISL_450507|Human|Nigeria|hCoV-19/Nigeria/NG02/2020|2020-04-09|2020.270,EPI_ISL_450507,hCoV-19/Nigeria/NG02/2020,Africa / Nigeria,09/04/2020,Africa/Nigeria,Africa,Nigeria,NA,Human,FALSE,FALSE,TRUE,2020.270492
EPI_ISL_451183|Human|Uganda|hCoV-19/Uganda/UG001/2020|2020-03-25|2020.230,EPI_ISL_451183,hCoV-19/Uganda/UG001/2020,Africa / Uganda,25/03/2020,Africa/Uganda,Africa,Uganda,NA,Human,FALSE,FALSE,TRUE,2020.229508
EPI_ISL_451184|Human|Uganda|hCoV-19/Uganda/UG002/2020|2020-03-26|2020.232,EPI_ISL_451184,hCoV-19/Uganda/UG002/2020,Africa / Uganda,26/03/2020,Africa/Uganda,Africa,Uganda,NA,Human,FALSE,FALSE,TRUE,2020.23224
EPI_ISL_451185|Human|Uganda|hCoV-19/Uganda/UG003/2020|2020-03-27|2020.235,EPI_ISL_451185,hCoV-19/Uganda/UG003/2020,Africa / Uganda,27/03/2020,Africa/Uganda,Africa,Uganda,NA,Human,FALSE,FALSE,TRUE,2020.234973
EPI_ISL_451186|Human|Uganda|hCoV-19/Uganda/UG004/2020|2020-03-27|2020.235,EPI_ISL_451186,hCoV-19/Uganda/UG004/2020,Africa / Uganda,27/03/2020,Africa/Uganda,Africa,Uganda,NA,Human,FALSE,FALSE,TRUE,2020.234973
EPI_ISL_451187|Human|Uganda|hCoV-19/Uganda/UG005/2020|2020-03-27|2020.235,EPI_ISL_451187,hCoV-19/Uganda/UG005/2020,Africa / Uganda,27/03/2020,Africa/Uganda,Africa,Uganda,NA,Human,FALSE,FALSE,TRUE,2020.234973
EPI_ISL_451188|Human|Uganda|hCoV-19/Uganda/UG006/2020|2020-03-30|2020.243,EPI_ISL_451188,hCoV-19/Uganda/UG006/2020,Africa / Uganda,30/03/2020,Africa/Uganda,Africa,Uganda,NA,Human,FALSE,FALSE,TRUE,2020.243169
EPI_ISL_451189|Human|Uganda|hCoV-19/Uganda/UG007/2020|2020-03-30|2020.243,EPI_ISL_451189,hCoV-19/Uganda/UG007/2020,Africa / Uganda,30/03/2020,Africa/Uganda,Africa,Uganda,NA,Human,FALSE,FALSE,TRUE,2020.243169
EPI_ISL_451190|Human|Uganda|hCoV-19/Uganda/UG008/2020|2020-03-30|2020.243,EPI_ISL_451190,hCoV-19/Uganda/UG008/2020,Africa / Uganda,30/03/2020,Africa/Uganda,Africa,Uganda,NA,Human,FALSE,FALSE,TRUE,2020.243169
EPI_ISL_451191|Human|Uganda|hCoV-19/Uganda/UG009/2020|2020-03-30|2020.243,EPI_ISL_451191,hCoV-19/Uganda/UG009/2020,Africa / Uganda,30/03/2020,Africa/Uganda,Africa,Uganda,NA,Human,FALSE,FALSE,TRUE,2020.243169
EPI_ISL_451192|Human|Uganda|hCoV-19/Uganda/UG010/2020|2020-03-30|2020.243,EPI_ISL_451192,hCoV-19/Uganda/UG010/2020,Africa / Uganda,30/03/2020,Africa/Uganda,Africa,Uganda,NA,Human,FALSE,FALSE,TRUE,2020.243169
EPI_ISL_451193|Human|Uganda|hCoV-19/Uganda/UG011/2020|2020-03-30|2020.243,EPI_ISL_451193,hCoV-19/Uganda/UG011/2020,Africa / Uganda,30/03/2020,Africa/Uganda,Africa,Uganda,NA,Human,FALSE,FALSE,TRUE,2020.243169
EPI_ISL_451194|Human|Uganda|hCoV-19/Uganda/UG012/2020|2020-03-22|2020.221,EPI_ISL_451194,hCoV-19/Uganda/UG012/2020,Africa / Uganda,22/03/2020,Africa/Uganda,Africa,Uganda,NA,Human,FALSE,FALSE,TRUE,2020.221311
EPI_ISL_451195|Human|Uganda|hCoV-19/Uganda/UG013/2020|2020-03-22|2020.221,EPI_ISL_451195,hCoV-19/Uganda/UG013/2020,Africa / Uganda,22/03/2020,Africa/Uganda,Africa,Uganda,NA,Human,FALSE,FALSE,TRUE,2020.221311
EPI_ISL_451196|Human|Uganda|hCoV-19/Uganda/UG014/2020|2020-03-25|2020.230,EPI_ISL_451196,hCoV-19/Uganda/UG014/2020,Africa / Uganda,25/03/2020,Africa/Uganda,Africa,Uganda,NA,Human,FALSE,FALSE,TRUE,2020.229508
EPI_ISL_451197|Human|Uganda|hCoV-19/Uganda/UG015/2020|2020-04-27|2020.320,EPI_ISL_451197,hCoV-19/Uganda/UG015/2020,Africa / Uganda,27/04/2020,Africa/Uganda,Africa,Uganda,NA,Human,FALSE,FALSE,TRUE,2020.319672
EPI_ISL_451198|Human|Uganda|hCoV-19/Uganda/UG016/2020|2020-04-27|2020.320,EPI_ISL_451198,hCoV-19/Uganda/UG016/2020,Africa / Uganda,27/04/2020,Africa/Uganda,Africa,Uganda,NA,Human,FALSE,FALSE,TRUE,2020.319672
EPI_ISL_451199|Human|Uganda|hCoV-19/Uganda/UG017/2020|2020-04-20|2020.301,EPI_ISL_451199,hCoV-19/Uganda/UG017/2020,Africa / Uganda,20/04/2020,Africa/Uganda,Africa,Uganda,NA,Human,FALSE,FALSE,TRUE,2020.300546
EPI_ISL_451200|Human|Uganda|hCoV-19/Uganda/UG018/2020|2020-05-01|2020.331,EPI_ISL_451200,hCoV-19/Uganda/UG018/2020,Africa / Uganda,01/05/2020,Africa/Uganda,Africa,Uganda,NA,Human,FALSE,FALSE,TRUE,2020.330601
EPI_ISL_451201|Human|Uganda|hCoV-19/Uganda/UG019/2020|2020-04-30|2020.328,EPI_ISL_451201,hCoV-19/Uganda/UG019/2020,Africa / Uganda,30/04/2020,Africa/Uganda,Africa,Uganda,NA,Human,FALSE,FALSE,TRUE,2020.327869
EPI_ISL_451202|Human|Uganda|hCoV-19/Uganda/UG020/2020|2020-05-01|2020.331,EPI_ISL_451202,hCoV-19/Uganda/UG020/2020,Africa / Uganda,01/05/2020,Africa/Uganda,Africa,Uganda,NA,Human,FALSE,FALSE,TRUE,2020.330601
EPI_ISL_455362|Human|Nigeria|hCoV-19/Nigeria/KW017-CV24/2020|2020-04-10|2020.273,EPI_ISL_455362,hCoV-19/Nigeria/KW017-CV24/2020,Africa / Nigeria / Kwara State,10/04/2020,Africa/Nigeria/Kwara State,Africa,Nigeria,Kwara State,Human,FALSE,FALSE,TRUE,2020.273224
EPI_ISL_455412|Human|Nigeria|hCoV-19/Nigeria/OG007-CV22/2020|2020-03-29|2020.240,EPI_ISL_455412,hCoV-19/Nigeria/OG007-CV22/2020,Africa / Nigeria / Ogun State,29/03/2020,Africa/Nigeria/Ogun State,Africa,Nigeria,Ogun State,Human,FALSE,FALSE,TRUE,2020.240437
EPI_ISL_455413|Human|Nigeria|hCoV-19/Nigeria/OS016-CV3/2020|2020-03-27|2020.235,EPI_ISL_455413,hCoV-19/Nigeria/OS016-CV3/2020,Africa / Nigeria / Osun State,27/03/2020,Africa/Nigeria/Osun State,Africa,Nigeria,Osun State,Human,FALSE,FALSE,TRUE,2020.234973
EPI_ISL_455414|Human|Nigeria|hCoV-19/Nigeria/OS029-CV4/2020|2020-03-29|2020.240,EPI_ISL_455414,hCoV-19/Nigeria/OS029-CV4/2020,Africa / Nigeria / Osun State,29/03/2020,Africa/Nigeria/Osun State,Africa,Nigeria,Osun State,Human,FALSE,FALSE,TRUE,2020.240437
EPI_ISL_455415|Human|Nigeria|hCoV-19/Nigeria/OS030-CV5/2020|2020-03-29|2020.240,EPI_ISL_455415,hCoV-19/Nigeria/OS030-CV5/2020,Africa / Nigeria / Osun State,29/03/2020,Africa/Nigeria/Osun State,Africa,Nigeria,Osun State,Human,FALSE,FALSE,TRUE,2020.240437
EPI_ISL_455418|Human|Nigeria|hCoV-19/Nigeria/OS055-CV8/2020|2020-03-29|2020.240,EPI_ISL_455418,hCoV-19/Nigeria/OS055-CV8/2020,Africa / Nigeria / Osun State,29/03/2020,Africa/Nigeria/Osun State,Africa,Nigeria,Osun State,Human,FALSE,FALSE,TRUE,2020.240437
EPI_ISL_455419|Human|Nigeria|hCoV-19/Nigeria/OS060-CV9/2020|2020-03-29|2020.240,EPI_ISL_455419,hCoV-19/Nigeria/OS060-CV9/2020,Africa / Nigeria / Osun State,29/03/2020,Africa/Nigeria/Osun State,Africa,Nigeria,Osun State,Human,FALSE,FALSE,TRUE,2020.240437
EPI_ISL_455422|Human|Nigeria|hCoV-19/Nigeria/OS070-CV11/2020|2020-03-29|2020.240,EPI_ISL_455422,hCoV-19/Nigeria/OS070-CV11/2020,Africa / Nigeria / Osun State,29/03/2020,Africa/Nigeria/Osun State,Africa,Nigeria,Osun State,Human,FALSE,FALSE,TRUE,2020.240437
EPI_ISL_455423|Human|Nigeria|hCoV-19/Nigeria/OS075-CV12/2020|2020-03-29|2020.240,EPI_ISL_455423,hCoV-19/Nigeria/OS075-CV12/2020,Africa / Nigeria / Osun State,29/03/2020,Africa/Nigeria/Osun State,Africa,Nigeria,Osun State,Human,FALSE,FALSE,TRUE,2020.240437
EPI_ISL_455424|Human|Nigeria|hCoV-19/Nigeria/OS085-CV14/2020|2020-03-29|2020.240,EPI_ISL_455424,hCoV-19/Nigeria/OS085-CV14/2020,Africa / Nigeria / Osun State,29/03/2020,Africa/Nigeria/Osun State,Africa,Nigeria,Osun State,Human,FALSE,FALSE,TRUE,2020.240437
EPI_ISL_455425|Human|Nigeria|hCoV-19/Nigeria/OS116-CV17/2020|2020-03-29|2020.240,EPI_ISL_455425,hCoV-19/Nigeria/OS116-CV17/2020,Africa / Nigeria / Osun State,29/03/2020,Africa/Nigeria/Osun State,Africa,Nigeria,Osun State,Human,FALSE,FALSE,TRUE,2020.240437
EPI_ISL_455426|Human|Nigeria|hCoV-19/Nigeria/OS122-CV18/2020|2020-03-29|2020.240,EPI_ISL_455426,hCoV-19/Nigeria/OS122-CV18/2020,Africa / Nigeria / Osun State,29/03/2020,Africa/Nigeria/Osun State,Africa,Nigeria,Osun State,Human,FALSE,FALSE,TRUE,2020.240437
EPI_ISL_455427|Human|Nigeria|hCoV-19/Nigeria/OS125-CV20/2020|2020-03-29|2020.240,EPI_ISL_455427,hCoV-19/Nigeria/OS125-CV20/2020,Africa / Nigeria / Osun State,29/03/2020,Africa/Nigeria/Osun State,Africa,Nigeria,Osun State,Human,FALSE,FALSE,TRUE,2020.240437
EPI_ISL_455429|Human|Nigeria|hCoV-19/Nigeria/OY008-CV29/2020|2020-03-27|2020.235,EPI_ISL_455429,hCoV-19/Nigeria/OY008-CV29/2020,Africa / Nigeria / Oyo State,27/03/2020,Africa/Nigeria/Oyo State,Africa,Nigeria,Oyo State,Human,FALSE,FALSE,TRUE,2020.234973
EPI_ISL_455430|Human|Nigeria|hCoV-19/Nigeria/OY035-CV34/2020|2020-04-02|2020.251,EPI_ISL_455430,hCoV-19/Nigeria/OY035-CV34/2020,Africa / Nigeria / Oyo State,02/04/2020,Africa/Nigeria/Oyo State,Africa,Nigeria,Oyo State,Human,FALSE,FALSE,TRUE,2020.251366
EPI_ISL_455431|Human|Nigeria|hCoV-19/Nigeria/OY045A-CV35/2020|2020-04-02|2020.251,EPI_ISL_455431,hCoV-19/Nigeria/OY045A-CV35/2020,Africa / Nigeria / Oyo State,02/04/2020,Africa/Nigeria/Oyo State,Africa,Nigeria,Oyo State,Human,FALSE,FALSE,TRUE,2020.251366
EPI_ISL_455629|Human|South Africa|hCoV-19/SouthAfrica/KRISP-003/2020|2020-04-30|2020.328,EPI_ISL_455629,hCoV-19/SouthAfrica/KRISP-003/2020,Africa / South Africa / KZN,30/04/2020,Africa/South Africa/KZN,Africa,South Africa,KZN,Human,FALSE,FALSE,TRUE,2020.327869
EPI_ISL_455630|Human|South Africa|hCoV-19/SouthAfrica/KRISP-005/2020|2020-04-29|2020.325,EPI_ISL_455630,hCoV-19/SouthAfrica/KRISP-005/2020,Africa / South Africa / KZN,29/04/2020,Africa/South Africa/KZN,Africa,South Africa,KZN,Human,FALSE,FALSE,TRUE,2020.325137
EPI_ISL_455631|Human|South Africa|hCoV-19/SouthAfrica/KRISP-101/2020|2020-04-30|2020.328,EPI_ISL_455631,hCoV-19/SouthAfrica/KRISP-101/2020,Africa / South Africa / KZN,30/04/2020,Africa/South Africa/KZN,Africa,South Africa,KZN,Human,FALSE,FALSE,TRUE,2020.327869
EPI_ISL_455632|Human|South Africa|hCoV-19/SouthAfrica/KRISP-102/2020|2020-04-30|2020.328,EPI_ISL_455632,hCoV-19/SouthAfrica/KRISP-102/2020,Africa / South Africa / KZN,30/04/2020,Africa/South Africa/KZN,Africa,South Africa,KZN,Human,FALSE,FALSE,TRUE,2020.327869
EPI_ISL_455633|Human|South Africa|hCoV-19/SouthAfrica/KRISP-103/2020|2020-04-30|2020.328,EPI_ISL_455633,hCoV-19/SouthAfrica/KRISP-103/2020,Africa / South Africa / KZN,30/04/2020,Africa/South Africa/KZN,Africa,South Africa,KZN,Human,FALSE,FALSE,TRUE,2020.327869
EPI_ISL_455634|Human|South Africa|hCoV-19/SouthAfrica/KRISP-104/2020|2020-05-01|2020.331,EPI_ISL_455634,hCoV-19/SouthAfrica/KRISP-104/2020,Africa / South Africa / KZN,01/05/2020,Africa/South Africa/KZN,Africa,South Africa,KZN,Human,FALSE,FALSE,TRUE,2020.330601
EPI_ISL_455635|Human|South Africa|hCoV-19/SouthAfrica/KRISP-105/2020|2020-05-05|2020.342,EPI_ISL_455635,hCoV-19/SouthAfrica/KRISP-105/2020,Africa / South Africa / KZN,05/05/2020,Africa/South Africa/KZN,Africa,South Africa,KZN,Human,FALSE,FALSE,TRUE,2020.34153
EPI_ISL_455636|Human|South Africa|hCoV-19/SouthAfrica/KRISP-106/2020|2020-03-31|2020.246,EPI_ISL_455636,hCoV-19/SouthAfrica/KRISP-106/2020,Africa / South Africa / KZN,31/03/2020,Africa/South Africa/KZN,Africa,South Africa,KZN,Human,FALSE,FALSE,TRUE,2020.245902
EPI_ISL_455637|Human|South Africa|hCoV-19/SouthAfrica/KRISP-107/2020|2020-05-04|2020.339,EPI_ISL_455637,hCoV-19/SouthAfrica/KRISP-107/2020,Africa / South Africa / KZN,04/05/2020,Africa/South Africa/KZN,Africa,South Africa,KZN,Human,FALSE,FALSE,TRUE,2020.338798
EPI_ISL_455638|Human|South Africa|hCoV-19/SouthAfrica/KRISP-108/2020|2020-05-04|2020.339,EPI_ISL_455638,hCoV-19/SouthAfrica/KRISP-108/2020,Africa / South Africa / KZN,04/05/2020,Africa/South Africa/KZN,Africa,South Africa,KZN,Human,FALSE,FALSE,TRUE,2020.338798
EPI_ISL_455639|Human|South Africa|hCoV-19/SouthAfrica/KRISP-109/2020|2020-03-31|2020.246,EPI_ISL_455639,hCoV-19/SouthAfrica/KRISP-109/2020,Africa / South Africa / KZN,31/03/2020,Africa/South Africa/KZN,Africa,South Africa,KZN,Human,FALSE,FALSE,TRUE,2020.245902
EPI_ISL_457827|Human|Kenya|hCoV-19/Kenya/NIC_059/2020|2020-03|2020.202,EPI_ISL_457827,hCoV-19/Kenya/NIC_059/2020,Africa / Kenya,2020-03,Africa/Kenya,Africa,Kenya,NA,Human,FALSE,TRUE,FALSE,2020.202186
EPI_ISL_457828|Human|Kenya|hCoV-19/Kenya/NIC_084/2020|2020-03|2020.202,EPI_ISL_457828,hCoV-19/Kenya/NIC_084/2020,Africa / Kenya,2020-03,Africa/Kenya,Africa,Kenya,NA,Human,FALSE,TRUE,FALSE,2020.202186
EPI_ISL_457829|Human|Kenya|hCoV-19/Kenya/NIC_087/2020|2020-03|2020.202,EPI_ISL_457829,hCoV-19/Kenya/NIC_087/2020,Africa / Kenya,2020-03,Africa/Kenya,Africa,Kenya,NA,Human,FALSE,TRUE,FALSE,2020.202186
EPI_ISL_457830|Human|Kenya|hCoV-19/Kenya/NIC_089/2020|2020-03|2020.202,EPI_ISL_457830,hCoV-19/Kenya/NIC_089/2020,Africa / Kenya,2020-03,Africa/Kenya,Africa,Kenya,NA,Human,FALSE,TRUE,FALSE,2020.202186
EPI_ISL_457831|Human|Kenya|hCoV-19/Kenya/NIC_156/2020|2020-03|2020.202,EPI_ISL_457831,hCoV-19/Kenya/NIC_156/2020,Africa / Kenya,2020-03,Africa/Kenya,Africa,Kenya,NA,Human,FALSE,TRUE,FALSE,2020.202186
EPI_ISL_457832|Human|Kenya|hCoV-19/Kenya/NIC_168/2020|2020-03|2020.202,EPI_ISL_457832,hCoV-19/Kenya/NIC_168/2020,Africa / Kenya,2020-03,Africa/Kenya,Africa,Kenya,NA,Human,FALSE,TRUE,FALSE,2020.202186
EPI_ISL_457833|Human|Kenya|hCoV-19/Kenya/NIC_187/2020|2020-03|2020.202,EPI_ISL_457833,hCoV-19/Kenya/NIC_187/2020,Africa / Kenya,2020-03,Africa/Kenya,Africa,Kenya,NA,Human,FALSE,TRUE,FALSE,2020.202186
EPI_ISL_457834|Human|Kenya|hCoV-19/Kenya/NIC_196/2020|2020-03|2020.202,EPI_ISL_457834,hCoV-19/Kenya/NIC_196/2020,Africa / Kenya,2020-03,Africa/Kenya,Africa,Kenya,NA,Human,FALSE,TRUE,FALSE,2020.202186
EPI_ISL_457835|Human|Kenya|hCoV-19/Kenya/NIC_228/2020|2020-03|2020.202,EPI_ISL_457835,hCoV-19/Kenya/NIC_228/2020,Africa / Kenya,2020-03,Africa/Kenya,Africa,Kenya,NA,Human,FALSE,TRUE,FALSE,2020.202186
EPI_ISL_457836|Human|Kenya|hCoV-19/Kenya/NIC_248/2020|2020-03|2020.202,EPI_ISL_457836,hCoV-19/Kenya/NIC_248/2020,Africa / Kenya,2020-03,Africa/Kenya,Africa,Kenya,NA,Human,FALSE,TRUE,FALSE,2020.202186
EPI_ISL_457837|Human|Kenya|hCoV-19/Kenya/NIC_252/2020|2020-03|2020.202,EPI_ISL_457837,hCoV-19/Kenya/NIC_252/2020,Africa / Kenya,2020-03,Africa/Kenya,Africa,Kenya,NA,Human,FALSE,TRUE,FALSE,2020.202186
EPI_ISL_457838|Human|Kenya|hCoV-19/Kenya/NIC_266/2020|2020-03|2020.202,EPI_ISL_457838,hCoV-19/Kenya/NIC_266/2020,Africa / Kenya,2020-03,Africa/Kenya,Africa,Kenya,NA,Human,FALSE,TRUE,FALSE,2020.202186
EPI_ISL_457839|Human|Kenya|hCoV-19/Kenya/NIC_488/2020|2020-03|2020.202,EPI_ISL_457839,hCoV-19/Kenya/NIC_488/2020,Africa / Kenya,2020-03,Africa/Kenya,Africa,Kenya,NA,Human,FALSE,TRUE,FALSE,2020.202186
EPI_ISL_457840|Human|Kenya|hCoV-19/Kenya/NIC_492/2020|2020-03|2020.202,EPI_ISL_457840,hCoV-19/Kenya/NIC_492/2020,Africa / Kenya,2020-03,Africa/Kenya,Africa,Kenya,NA,Human,FALSE,TRUE,FALSE,2020.202186
EPI_ISL_457841|Human|Kenya|hCoV-19/Kenya/NIC_512/2020|2020-03|2020.202,EPI_ISL_457841,hCoV-19/Kenya/NIC_512/2020,Africa / Kenya,2020-03,Africa/Kenya,Africa,Kenya,NA,Human,FALSE,TRUE,FALSE,2020.202186
EPI_ISL_457842|Human|Kenya|hCoV-19/Kenya/NIC_522/2020|2020-03|2020.202,EPI_ISL_457842,hCoV-19/Kenya/NIC_522/2020,Africa / Kenya,2020-03,Africa/Kenya,Africa,Kenya,NA,Human,FALSE,TRUE,FALSE,2020.202186
EPI_ISL_457843|Human|Kenya|hCoV-19/Kenya/NIC_569/2020|2020-03|2020.202,EPI_ISL_457843,hCoV-19/Kenya/NIC_569/2020,Africa / Kenya,2020-03,Africa/Kenya,Africa,Kenya,NA,Human,FALSE,TRUE,FALSE,2020.202186
EPI_ISL_457844|Human|Kenya|hCoV-19/Kenya/NIC_593/2020|2020-03|2020.202,EPI_ISL_457844,hCoV-19/Kenya/NIC_593/2020,Africa / Kenya,2020-03,Africa/Kenya,Africa,Kenya,NA,Human,FALSE,TRUE,FALSE,2020.202186
EPI_ISL_457845|Human|Kenya|hCoV-19/Kenya/P001/2020|2020-03|2020.202,EPI_ISL_457845,hCoV-19/Kenya/P001/2020,Africa / Kenya,2020-03,Africa/Kenya,Africa,Kenya,NA,Human,FALSE,TRUE,FALSE,2020.202186
EPI_ISL_457846|Human|Kenya|hCoV-19/Kenya/P005/2020|2020-03|2020.202,EPI_ISL_457846,hCoV-19/Kenya/P005/2020,Africa / Kenya,2020-03,Africa/Kenya,Africa,Kenya,NA,Human,FALSE,TRUE,FALSE,2020.202186
EPI_ISL_457847|Human|Kenya|hCoV-19/Kenya/P033/2020|2020-03|2020.202,EPI_ISL_457847,hCoV-19/Kenya/P033/2020,Africa / Kenya,2020-03,Africa/Kenya,Africa,Kenya,NA,Human,FALSE,TRUE,FALSE,2020.202186
EPI_ISL_457848|Human|Kenya|hCoV-19/Kenya/P037/2020|2020-03|2020.202,EPI_ISL_457848,hCoV-19/Kenya/P037/2020,Africa / Kenya,2020-03,Africa/Kenya,Africa,Kenya,NA,Human,FALSE,TRUE,FALSE,2020.202186
EPI_ISL_457849|Human|Kenya|hCoV-19/Kenya/P1008/2020|2020-04|2020.287,EPI_ISL_457849,hCoV-19/Kenya/P1008/2020,Africa / Kenya,2020-04,Africa/Kenya,Africa,Kenya,NA,Human,FALSE,TRUE,FALSE,2020.286885
EPI_ISL_457850|Human|Kenya|hCoV-19/Kenya/P1078/2020|2020-04|2020.287,EPI_ISL_457850,hCoV-19/Kenya/P1078/2020,Africa / Kenya,2020-04,Africa/Kenya,Africa,Kenya,NA,Human,FALSE,TRUE,FALSE,2020.286885
EPI_ISL_457851|Human|Kenya|hCoV-19/Kenya/P1088/2020|2020-04|2020.287,EPI_ISL_457851,hCoV-19/Kenya/P1088/2020,Africa / Kenya,2020-04,Africa/Kenya,Africa,Kenya,NA,Human,FALSE,TRUE,FALSE,2020.286885
EPI_ISL_457852|Human|Kenya|hCoV-19/Kenya/P1107/2020|2020-04|2020.287,EPI_ISL_457852,hCoV-19/Kenya/P1107/2020,Africa / Kenya,2020-04,Africa/Kenya,Africa,Kenya,NA,Human,FALSE,TRUE,FALSE,2020.286885
EPI_ISL_457853|Human|Kenya|hCoV-19/Kenya/P1118/2020|2020-04|2020.287,EPI_ISL_457853,hCoV-19/Kenya/P1118/2020,Africa / Kenya,2020-04,Africa/Kenya,Africa,Kenya,NA,Human,FALSE,TRUE,FALSE,2020.286885
EPI_ISL_457854|Human|Kenya|hCoV-19/Kenya/P1132/2020|2020-04|2020.287,EPI_ISL_457854,hCoV-19/Kenya/P1132/2020,Africa / Kenya,2020-04,Africa/Kenya,Africa,Kenya,NA,Human,FALSE,TRUE,FALSE,2020.286885
EPI_ISL_457855|Human|Kenya|hCoV-19/Kenya/P119/2020|2020-04|2020.287,EPI_ISL_457855,hCoV-19/Kenya/P119/2020,Africa / Kenya,2020-04,Africa/Kenya,Africa,Kenya,NA,Human,FALSE,TRUE,FALSE,2020.286885
EPI_ISL_457856|Human|Kenya|hCoV-19/Kenya/P1208/2020|2020-04|2020.287,EPI_ISL_457856,hCoV-19/Kenya/P1208/2020,Africa / Kenya,2020-04,Africa/Kenya,Africa,Kenya,NA,Human,FALSE,TRUE,FALSE,2020.286885
EPI_ISL_457857|Human|Kenya|hCoV-19/Kenya/P1267/2020|2020-04|2020.287,EPI_ISL_457857,hCoV-19/Kenya/P1267/2020,Africa / Kenya,2020-04,Africa/Kenya,Africa,Kenya,NA,Human,FALSE,TRUE,FALSE,2020.286885
EPI_ISL_457858|Human|Kenya|hCoV-19/Kenya/P1273/2020|2020-04|2020.287,EPI_ISL_457858,hCoV-19/Kenya/P1273/2020,Africa / Kenya,2020-04,Africa/Kenya,Africa,Kenya,NA,Human,FALSE,TRUE,FALSE,2020.286885
EPI_ISL_457859|Human|Kenya|hCoV-19/Kenya/P1293/2020|2020-04|2020.287,EPI_ISL_457859,hCoV-19/Kenya/P1293/2020,Africa / Kenya,2020-04,Africa/Kenya,Africa,Kenya,NA,Human,FALSE,TRUE,FALSE,2020.286885
EPI_ISL_457860|Human|Kenya|hCoV-19/Kenya/P1317/2020|2020-04|2020.287,EPI_ISL_457860,hCoV-19/Kenya/P1317/2020,Africa / Kenya,2020-04,Africa/Kenya,Africa,Kenya,NA,Human,FALSE,TRUE,FALSE,2020.286885
EPI_ISL_457861|Human|Kenya|hCoV-19/Kenya/P1338/2020|2020-04|2020.287,EPI_ISL_457861,hCoV-19/Kenya/P1338/2020,Africa / Kenya,2020-04,Africa/Kenya,Africa,Kenya,NA,Human,FALSE,TRUE,FALSE,2020.286885
EPI_ISL_457862|Human|Kenya|hCoV-19/Kenya/P1350/2020|2020-04|2020.287,EPI_ISL_457862,hCoV-19/Kenya/P1350/2020,Africa / Kenya,2020-04,Africa/Kenya,Africa,Kenya,NA,Human,FALSE,TRUE,FALSE,2020.286885
EPI_ISL_457863|Human|Kenya|hCoV-19/Kenya/P1415/2020|2020-04|2020.287,EPI_ISL_457863,hCoV-19/Kenya/P1415/2020,Africa / Kenya,2020-04,Africa/Kenya,Africa,Kenya,NA,Human,FALSE,TRUE,FALSE,2020.286885
EPI_ISL_457864|Human|Kenya|hCoV-19/Kenya/P1541/2020|2020-04|2020.287,EPI_ISL_457864,hCoV-19/Kenya/P1541/2020,Africa / Kenya,2020-04,Africa/Kenya,Africa,Kenya,NA,Human,FALSE,TRUE,FALSE,2020.286885
EPI_ISL_457865|Human|Kenya|hCoV-19/Kenya/P1562/2020|2020-04|2020.287,EPI_ISL_457865,hCoV-19/Kenya/P1562/2020,Africa / Kenya,2020-04,Africa/Kenya,Africa,Kenya,NA,Human,FALSE,TRUE,FALSE,2020.286885
EPI_ISL_457866|Human|Kenya|hCoV-19/Kenya/P1655/2020|2020-04|2020.287,EPI_ISL_457866,hCoV-19/Kenya/P1655/2020,Africa / Kenya,2020-04,Africa/Kenya,Africa,Kenya,NA,Human,FALSE,TRUE,FALSE,2020.286885
EPI_ISL_457867|Human|Kenya|hCoV-19/Kenya/P1667/2020|2020-04|2020.287,EPI_ISL_457867,hCoV-19/Kenya/P1667/2020,Africa / Kenya,2020-04,Africa/Kenya,Africa,Kenya,NA,Human,FALSE,TRUE,FALSE,2020.286885
EPI_ISL_457868|Human|Kenya|hCoV-19/Kenya/P169/2020|2020-04|2020.287,EPI_ISL_457868,hCoV-19/Kenya/P169/2020,Africa / Kenya,2020-04,Africa/Kenya,Africa,Kenya,NA,Human,FALSE,TRUE,FALSE,2020.286885
EPI_ISL_457869|Human|Kenya|hCoV-19/Kenya/P1957/2020|2020-04|2020.287,EPI_ISL_457869,hCoV-19/Kenya/P1957/2020,Africa / Kenya,2020-04,Africa/Kenya,Africa,Kenya,NA,Human,FALSE,TRUE,FALSE,2020.286885
EPI_ISL_457870|Human|Kenya|hCoV-19/Kenya/P1992/2020|2020-04|2020.287,EPI_ISL_457870,hCoV-19/Kenya/P1992/2020,Africa / Kenya,2020-04,Africa/Kenya,Africa,Kenya,NA,Human,FALSE,TRUE,FALSE,2020.286885
EPI_ISL_457871|Human|Kenya|hCoV-19/Kenya/P209/2020|2020-04|2020.287,EPI_ISL_457871,hCoV-19/Kenya/P209/2020,Africa / Kenya,2020-04,Africa/Kenya,Africa,Kenya,NA,Human,FALSE,TRUE,FALSE,2020.286885
EPI_ISL_457872|Human|Kenya|hCoV-19/Kenya/P2155/2020|2020-04|2020.287,EPI_ISL_457872,hCoV-19/Kenya/P2155/2020,Africa / Kenya,2020-04,Africa/Kenya,Africa,Kenya,NA,Human,FALSE,TRUE,FALSE,2020.286885
EPI_ISL_457873|Human|Kenya|hCoV-19/Kenya/P225/2020|2020-04|2020.287,EPI_ISL_457873,hCoV-19/Kenya/P225/2020,Africa / Kenya,2020-04,Africa/Kenya,Africa,Kenya,NA,Human,FALSE,TRUE,FALSE,2020.286885
EPI_ISL_457874|Human|Kenya|hCoV-19/Kenya/P226/2020|2020-04|2020.287,EPI_ISL_457874,hCoV-19/Kenya/P226/2020,Africa / Kenya,2020-04,Africa/Kenya,Africa,Kenya,NA,Human,FALSE,TRUE,FALSE,2020.286885
EPI_ISL_457875|Human|Kenya|hCoV-19/Kenya/P230/2020|2020-04|2020.287,EPI_ISL_457875,hCoV-19/Kenya/P230/2020,Africa / Kenya,2020-04,Africa/Kenya,Africa,Kenya,NA,Human,FALSE,TRUE,FALSE,2020.286885
EPI_ISL_457876|Human|Kenya|hCoV-19/Kenya/P232/2020|2020-04|2020.287,EPI_ISL_457876,hCoV-19/Kenya/P232/2020,Africa / Kenya,2020-04,Africa/Kenya,Africa,Kenya,NA,Human,FALSE,TRUE,FALSE,2020.286885
EPI_ISL_457877|Human|Kenya|hCoV-19/Kenya/P2355/2020|2020-04|2020.287,EPI_ISL_457877,hCoV-19/Kenya/P2355/2020,Africa / Kenya,2020-04,Africa/Kenya,Africa,Kenya,NA,Human,FALSE,TRUE,FALSE,2020.286885
EPI_ISL_457878|Human|Kenya|hCoV-19/Kenya/P2365/2020|2020-04|2020.287,EPI_ISL_457878,hCoV-19/Kenya/P2365/2020,Africa / Kenya,2020-04,Africa/Kenya,Africa,Kenya,NA,Human,FALSE,TRUE,FALSE,2020.286885
EPI_ISL_457879|Human|Kenya|hCoV-19/Kenya/P2385/2020|2020-04|2020.287,EPI_ISL_457879,hCoV-19/Kenya/P2385/2020,Africa / Kenya,2020-04,Africa/Kenya,Africa,Kenya,NA,Human,FALSE,TRUE,FALSE,2020.286885
EPI_ISL_457880|Human|Kenya|hCoV-19/Kenya/P2447/2020|2020-04|2020.287,EPI_ISL_457880,hCoV-19/Kenya/P2447/2020,Africa / Kenya,2020-04,Africa/Kenya,Africa,Kenya,NA,Human,FALSE,TRUE,FALSE,2020.286885
EPI_ISL_457881|Human|Kenya|hCoV-19/Kenya/P2478/2020|2020-04|2020.287,EPI_ISL_457881,hCoV-19/Kenya/P2478/2020,Africa / Kenya,2020-04,Africa/Kenya,Africa,Kenya,NA,Human,FALSE,TRUE,FALSE,2020.286885
EPI_ISL_457882|Human|Kenya|hCoV-19/Kenya/P2495/2020|2020-04|2020.287,EPI_ISL_457882,hCoV-19/Kenya/P2495/2020,Africa / Kenya,2020-04,Africa/Kenya,Africa,Kenya,NA,Human,FALSE,TRUE,FALSE,2020.286885
EPI_ISL_457883|Human|Kenya|hCoV-19/Kenya/P2498/2020|2020-04|2020.287,EPI_ISL_457883,hCoV-19/Kenya/P2498/2020,Africa / Kenya,2020-04,Africa/Kenya,Africa,Kenya,NA,Human,FALSE,TRUE,FALSE,2020.286885
EPI_ISL_457884|Human|Kenya|hCoV-19/Kenya/P2601/2020|2020-04|2020.287,EPI_ISL_457884,hCoV-19/Kenya/P2601/2020,Africa / Kenya,2020-04,Africa/Kenya,Africa,Kenya,NA,Human,FALSE,TRUE,FALSE,2020.286885
EPI_ISL_457885|Human|Kenya|hCoV-19/Kenya/P2654/2020|2020-04|2020.287,EPI_ISL_457885,hCoV-19/Kenya/P2654/2020,Africa / Kenya,2020-04,Africa/Kenya,Africa,Kenya,NA,Human,FALSE,TRUE,FALSE,2020.286885
EPI_ISL_457886|Human|Kenya|hCoV-19/Kenya/P269/2020|2020-04|2020.287,EPI_ISL_457886,hCoV-19/Kenya/P269/2020,Africa / Kenya,2020-04,Africa/Kenya,Africa,Kenya,NA,Human,FALSE,TRUE,FALSE,2020.286885
EPI_ISL_457887|Human|Kenya|hCoV-19/Kenya/P2693/2020|2020-04|2020.287,EPI_ISL_457887,hCoV-19/Kenya/P2693/2020,Africa / Kenya,2020-04,Africa/Kenya,Africa,Kenya,NA,Human,FALSE,TRUE,FALSE,2020.286885
EPI_ISL_457888|Human|Kenya|hCoV-19/Kenya/P2716/2020|2020-04|2020.287,EPI_ISL_457888,hCoV-19/Kenya/P2716/2020,Africa / Kenya,2020-04,Africa/Kenya,Africa,Kenya,NA,Human,FALSE,TRUE,FALSE,2020.286885
EPI_ISL_457889|Human|Kenya|hCoV-19/Kenya/P2717/2020|2020-04|2020.287,EPI_ISL_457889,hCoV-19/Kenya/P2717/2020,Africa / Kenya,2020-04,Africa/Kenya,Africa,Kenya,NA,Human,FALSE,TRUE,FALSE,2020.286885
EPI_ISL_457890|Human|Kenya|hCoV-19/Kenya/P274/2020|2020-04|2020.287,EPI_ISL_457890,hCoV-19/Kenya/P274/2020,Africa / Kenya,2020-04,Africa/Kenya,Africa,Kenya,NA,Human,FALSE,TRUE,FALSE,2020.286885
EPI_ISL_457891|Human|Kenya|hCoV-19/Kenya/P2742/2020|2020-04|2020.287,EPI_ISL_457891,hCoV-19/Kenya/P2742/2020,Africa / Kenya,2020-04,Africa/Kenya,Africa,Kenya,NA,Human,FALSE,TRUE,FALSE,2020.286885
EPI_ISL_457892|Human|Kenya|hCoV-19/Kenya/P2763/2020|2020-04|2020.287,EPI_ISL_457892,hCoV-19/Kenya/P2763/2020,Africa / Kenya,2020-04,Africa/Kenya,Africa,Kenya,NA,Human,FALSE,TRUE,FALSE,2020.286885
EPI_ISL_457893|Human|Kenya|hCoV-19/Kenya/P2794/2020|2020-04|2020.287,EPI_ISL_457893,hCoV-19/Kenya/P2794/2020,Africa / Kenya,2020-04,Africa/Kenya,Africa,Kenya,NA,Human,FALSE,TRUE,FALSE,2020.286885
EPI_ISL_457894|Human|Kenya|hCoV-19/Kenya/P2800/2020|2020-04|2020.287,EPI_ISL_457894,hCoV-19/Kenya/P2800/2020,Africa / Kenya,2020-04,Africa/Kenya,Africa,Kenya,NA,Human,FALSE,TRUE,FALSE,2020.286885
EPI_ISL_457895|Human|Kenya|hCoV-19/Kenya/P293/2020|2020-04|2020.287,EPI_ISL_457895,hCoV-19/Kenya/P293/2020,Africa / Kenya,2020-04,Africa/Kenya,Africa,Kenya,NA,Human,FALSE,TRUE,FALSE,2020.286885
EPI_ISL_457896|Human|Kenya|hCoV-19/Kenya/P3005/2020|2020-04|2020.287,EPI_ISL_457896,hCoV-19/Kenya/P3005/2020,Africa / Kenya,2020-04,Africa/Kenya,Africa,Kenya,NA,Human,FALSE,TRUE,FALSE,2020.286885
EPI_ISL_457897|Human|Kenya|hCoV-19/Kenya/P3045/2020|2020-04|2020.287,EPI_ISL_457897,hCoV-19/Kenya/P3045/2020,Africa / Kenya,2020-04,Africa/Kenya,Africa,Kenya,NA,Human,FALSE,TRUE,FALSE,2020.286885
EPI_ISL_457898|Human|Kenya|hCoV-19/Kenya/P3046/2020|2020-04|2020.287,EPI_ISL_457898,hCoV-19/Kenya/P3046/2020,Africa / Kenya,2020-04,Africa/Kenya,Africa,Kenya,NA,Human,FALSE,TRUE,FALSE,2020.286885
EPI_ISL_457899|Human|Kenya|hCoV-19/Kenya/P3056/2020|2020-04|2020.287,EPI_ISL_457899,hCoV-19/Kenya/P3056/2020,Africa / Kenya,2020-04,Africa/Kenya,Africa,Kenya,NA,Human,FALSE,TRUE,FALSE,2020.286885
EPI_ISL_457900|Human|Kenya|hCoV-19/Kenya/P3059/2020|2020-04|2020.287,EPI_ISL_457900,hCoV-19/Kenya/P3059/2020,Africa / Kenya,2020-04,Africa/Kenya,Africa,Kenya,NA,Human,FALSE,TRUE,FALSE,2020.286885
EPI_ISL_457901|Human|Kenya|hCoV-19/Kenya/P3110/2020|2020-04|2020.287,EPI_ISL_457901,hCoV-19/Kenya/P3110/2020,Africa / Kenya,2020-04,Africa/Kenya,Africa,Kenya,NA,Human,FALSE,TRUE,FALSE,2020.286885
EPI_ISL_457902|Human|Kenya|hCoV-19/Kenya/P3121/2020|2020-04|2020.287,EPI_ISL_457902,hCoV-19/Kenya/P3121/2020,Africa / Kenya,2020-04,Africa/Kenya,Africa,Kenya,NA,Human,FALSE,TRUE,FALSE,2020.286885
EPI_ISL_457903|Human|Kenya|hCoV-19/Kenya/P3124/2020|2020-04|2020.287,EPI_ISL_457903,hCoV-19/Kenya/P3124/2020,Africa / Kenya,2020-04,Africa/Kenya,Africa,Kenya,NA,Human,FALSE,TRUE,FALSE,2020.286885
EPI_ISL_457904|Human|Kenya|hCoV-19/Kenya/P3132/2020|2020-04|2020.287,EPI_ISL_457904,hCoV-19/Kenya/P3132/2020,Africa / Kenya,2020-04,Africa/Kenya,Africa,Kenya,NA,Human,FALSE,TRUE,FALSE,2020.286885
EPI_ISL_457905|Human|Kenya|hCoV-19/Kenya/P332/2020|2020-04|2020.287,EPI_ISL_457905,hCoV-19/Kenya/P332/2020,Africa / Kenya,2020-04,Africa/Kenya,Africa,Kenya,NA,Human,FALSE,TRUE,FALSE,2020.286885
EPI_ISL_457906|Human|Kenya|hCoV-19/Kenya/P3343/2020|2020-04|2020.287,EPI_ISL_457906,hCoV-19/Kenya/P3343/2020,Africa / Kenya,2020-04,Africa/Kenya,Africa,Kenya,NA,Human,FALSE,TRUE,FALSE,2020.286885
EPI_ISL_457907|Human|Kenya|hCoV-19/Kenya/P3361/2020|2020-04|2020.287,EPI_ISL_457907,hCoV-19/Kenya/P3361/2020,Africa / Kenya,2020-04,Africa/Kenya,Africa,Kenya,NA,Human,FALSE,TRUE,FALSE,2020.286885
EPI_ISL_457908|Human|Kenya|hCoV-19/Kenya/P338/2020|2020-04|2020.287,EPI_ISL_457908,hCoV-19/Kenya/P338/2020,Africa / Kenya,2020-04,Africa/Kenya,Africa,Kenya,NA,Human,FALSE,TRUE,FALSE,2020.286885
EPI_ISL_457909|Human|Kenya|hCoV-19/Kenya/P368/2020|2020-04|2020.287,EPI_ISL_457909,hCoV-19/Kenya/P368/2020,Africa / Kenya,2020-04,Africa/Kenya,Africa,Kenya,NA,Human,FALSE,TRUE,FALSE,2020.286885
EPI_ISL_457910|Human|Kenya|hCoV-19/Kenya/P376/2020|2020-04|2020.287,EPI_ISL_457910,hCoV-19/Kenya/P376/2020,Africa / Kenya,2020-04,Africa/Kenya,Africa,Kenya,NA,Human,FALSE,TRUE,FALSE,2020.286885
EPI_ISL_457911|Human|Kenya|hCoV-19/Kenya/P460/2020|2020-04|2020.287,EPI_ISL_457911,hCoV-19/Kenya/P460/2020,Africa / Kenya,2020-04,Africa/Kenya,Africa,Kenya,NA,Human,FALSE,TRUE,FALSE,2020.286885
EPI_ISL_457912|Human|Kenya|hCoV-19/Kenya/P503/2020|2020-04|2020.287,EPI_ISL_457912,hCoV-19/Kenya/P503/2020,Africa / Kenya,2020-04,Africa/Kenya,Africa,Kenya,NA,Human,FALSE,TRUE,FALSE,2020.286885
EPI_ISL_457913|Human|Kenya|hCoV-19/Kenya/P505/2020|2020-04|2020.287,EPI_ISL_457913,hCoV-19/Kenya/P505/2020,Africa / Kenya,2020-04,Africa/Kenya,Africa,Kenya,NA,Human,FALSE,TRUE,FALSE,2020.286885
EPI_ISL_457914|Human|Kenya|hCoV-19/Kenya/P515/2020|2020-04|2020.287,EPI_ISL_457914,hCoV-19/Kenya/P515/2020,Africa / Kenya,2020-04,Africa/Kenya,Africa,Kenya,NA,Human,FALSE,TRUE,FALSE,2020.286885
EPI_ISL_457915|Human|Kenya|hCoV-19/Kenya/P572/2020|2020-04|2020.287,EPI_ISL_457915,hCoV-19/Kenya/P572/2020,Africa / Kenya,2020-04,Africa/Kenya,Africa,Kenya,NA,Human,FALSE,TRUE,FALSE,2020.286885
EPI_ISL_457916|Human|Kenya|hCoV-19/Kenya/P573/2020|2020-04|2020.287,EPI_ISL_457916,hCoV-19/Kenya/P573/2020,Africa / Kenya,2020-04,Africa/Kenya,Africa,Kenya,NA,Human,FALSE,TRUE,FALSE,2020.286885
EPI_ISL_457917|Human|Kenya|hCoV-19/Kenya/P574/2020|2020-04|2020.287,EPI_ISL_457917,hCoV-19/Kenya/P574/2020,Africa / Kenya,2020-04,Africa/Kenya,Africa,Kenya,NA,Human,FALSE,TRUE,FALSE,2020.286885
EPI_ISL_457918|Human|Kenya|hCoV-19/Kenya/P575/2020|2020-04|2020.287,EPI_ISL_457918,hCoV-19/Kenya/P575/2020,Africa / Kenya,2020-04,Africa/Kenya,Africa,Kenya,NA,Human,FALSE,TRUE,FALSE,2020.286885
EPI_ISL_457919|Human|Kenya|hCoV-19/Kenya/P604/2020|2020-04|2020.287,EPI_ISL_457919,hCoV-19/Kenya/P604/2020,Africa / Kenya,2020-04,Africa/Kenya,Africa,Kenya,NA,Human,FALSE,TRUE,FALSE,2020.286885
EPI_ISL_457920|Human|Kenya|hCoV-19/Kenya/P629/2020|2020-04|2020.287,EPI_ISL_457920,hCoV-19/Kenya/P629/2020,Africa / Kenya,2020-04,Africa/Kenya,Africa,Kenya,NA,Human,FALSE,TRUE,FALSE,2020.286885
EPI_ISL_457921|Human|Kenya|hCoV-19/Kenya/P703/2020|2020-04|2020.287,EPI_ISL_457921,hCoV-19/Kenya/P703/2020,Africa / Kenya,2020-04,Africa/Kenya,Africa,Kenya,NA,Human,FALSE,TRUE,FALSE,2020.286885
EPI_ISL_457922|Human|Kenya|hCoV-19/Kenya/P719/2020|2020-04|2020.287,EPI_ISL_457922,hCoV-19/Kenya/P719/2020,Africa / Kenya,2020-04,Africa/Kenya,Africa,Kenya,NA,Human,FALSE,TRUE,FALSE,2020.286885
EPI_ISL_457923|Human|Kenya|hCoV-19/Kenya/P729/2020|2020-04|2020.287,EPI_ISL_457923,hCoV-19/Kenya/P729/2020,Africa / Kenya,2020-04,Africa/Kenya,Africa,Kenya,NA,Human,FALSE,TRUE,FALSE,2020.286885
EPI_ISL_457924|Human|Kenya|hCoV-19/Kenya/P735/2020|2020-04|2020.287,EPI_ISL_457924,hCoV-19/Kenya/P735/2020,Africa / Kenya,2020-04,Africa/Kenya,Africa,Kenya,NA,Human,FALSE,TRUE,FALSE,2020.286885
EPI_ISL_457925|Human|Kenya|hCoV-19/Kenya/P737/2020|2020-04|2020.287,EPI_ISL_457925,hCoV-19/Kenya/P737/2020,Africa / Kenya,2020-04,Africa/Kenya,Africa,Kenya,NA,Human,FALSE,TRUE,FALSE,2020.286885
EPI_ISL_457926|Human|Kenya|hCoV-19/Kenya/P769/2020|2020-04|2020.287,EPI_ISL_457926,hCoV-19/Kenya/P769/2020,Africa / Kenya,2020-04,Africa/Kenya,Africa,Kenya,NA,Human,FALSE,TRUE,FALSE,2020.286885
EPI_ISL_457927|Human|Kenya|hCoV-19/Kenya/P822/2020|2020-04|2020.287,EPI_ISL_457927,hCoV-19/Kenya/P822/2020,Africa / Kenya,2020-04,Africa/Kenya,Africa,Kenya,NA,Human,FALSE,TRUE,FALSE,2020.286885
EPI_ISL_457928|Human|Kenya|hCoV-19/Kenya/P842/2020|2020-04|2020.287,EPI_ISL_457928,hCoV-19/Kenya/P842/2020,Africa / Kenya,2020-04,Africa/Kenya,Africa,Kenya,NA,Human,FALSE,TRUE,FALSE,2020.286885
EPI_ISL_457929|Human|Kenya|hCoV-19/Kenya/P858/2020|2020-04|2020.287,EPI_ISL_457929,hCoV-19/Kenya/P858/2020,Africa / Kenya,2020-04,Africa/Kenya,Africa,Kenya,NA,Human,FALSE,TRUE,FALSE,2020.286885
EPI_ISL_457930|Human|Kenya|hCoV-19/Kenya/P974/2020|2020-04|2020.287,EPI_ISL_457930,hCoV-19/Kenya/P974/2020,Africa / Kenya,2020-04,Africa/Kenya,Africa,Kenya,NA,Human,FALSE,TRUE,FALSE,2020.286885
EPI_ISL_457931|Human|Kenya|hCoV-19/Kenya/P979/2020|2020-04|2020.287,EPI_ISL_457931,hCoV-19/Kenya/P979/2020,Africa / Kenya,2020-04,Africa/Kenya,Africa,Kenya,NA,Human,FALSE,TRUE,FALSE,2020.286885
EPI_ISL_457932|Human|Kenya|hCoV-19/Kenya/S052/2020|2020-03|2020.202,EPI_ISL_457932,hCoV-19/Kenya/S052/2020,Africa / Kenya,2020-03,Africa/Kenya,Africa,Kenya,NA,Human,FALSE,TRUE,FALSE,2020.202186
EPI_ISL_457933|Human|Kenya|hCoV-19/Kenya/S109/2020|2020-03|2020.202,EPI_ISL_457933,hCoV-19/Kenya/S109/2020,Africa / Kenya,2020-03,Africa/Kenya,Africa,Kenya,NA,Human,FALSE,TRUE,FALSE,2020.202186
EPI_ISL_457934|Human|Kenya|hCoV-19/Kenya/S299/2020|2020-03|2020.202,EPI_ISL_457934,hCoV-19/Kenya/S299/2020,Africa / Kenya,2020-03,Africa/Kenya,Africa,Kenya,NA,Human,FALSE,TRUE,FALSE,2020.202186
EPI_ISL_457935|Human|Kenya|hCoV-19/Kenya/S304/2020|2020-03|2020.202,EPI_ISL_457935,hCoV-19/Kenya/S304/2020,Africa / Kenya,2020-03,Africa/Kenya,Africa,Kenya,NA,Human,FALSE,TRUE,FALSE,2020.202186
EPI_ISL_457936|Human|Kenya|hCoV-19/Kenya/S338/2020|2020-03|2020.202,EPI_ISL_457936,hCoV-19/Kenya/S338/2020,Africa / Kenya,2020-03,Africa/Kenya,Africa,Kenya,NA,Human,FALSE,TRUE,FALSE,2020.202186
EPI_ISL_457999|Human|Kenya|hCoV-19/Kenya/D5/2020|2020-05-22|2020.388,EPI_ISL_457999,hCoV-19/Kenya/D5/2020,Africa / Kenya,22/05/2020,Africa/Kenya,Africa,Kenya,NA,Human,FALSE,FALSE,TRUE,2020.387978
EPI_ISL_458000|Human|Kenya|hCoV-19/Kenya/D6/2020|2020-03-17|2020.208,EPI_ISL_458000,hCoV-19/Kenya/D6/2020,Africa / Kenya,17/03/2020,Africa/Kenya,Africa,Kenya,NA,Human,FALSE,FALSE,TRUE,2020.20765
EPI_ISL_462992|Human|Nigeria|hCoV-19/Nigeria/NG57752/2020|2020-03|2020.202,EPI_ISL_462992,hCoV-19/Nigeria/NG57752/2020,Africa / Nigeria,2020-03,Africa / Nigeria,Africa,Nigeria,NA,Human,FALSE,TRUE,FALSE,2020.202186